x-axis,1
second,Volt
+12.130000E+00,
+12.132000E+00,+15.842E-03
+12.134000E+00,+15.842E-03
+12.136000E+00,+15.842E-03
+12.138000E+00,+15.842E-03
+12.140000E+00,+15.842E-03
+12.142000E+00,+6.294E-03
+12.144000E+00,-239E-06
+12.146000E+00,+4.786E-03
+12.148000E+00,+12.827E-03
+12.150000E+00,+6.294E-03
+12.152000E+00,+4.786E-03
+12.154000E+00,+7.802E-03
+12.156000E+00,+7.802E-03
+12.158000E+00,+7.802E-03
+12.160000E+00,+7.802E-03
+12.162000E+00,+12.827E-03
+12.164000E+00,+15.842E-03
+12.166000E+00,+11.319E-03
+12.168000E+00,+12.827E-03
+12.170000E+00,+11.319E-03
+12.172000E+00,+7.802E-03
+12.174000E+00,+7.802E-03
+12.176000E+00,+12.827E-03
+12.178000E+00,+11.319E-03
+12.180000E+00,+12.827E-03
+12.182000E+00,+15.842E-03
+12.184000E+00,+15.842E-03
+12.186000E+00,+11.319E-03
+12.188000E+00,+12.827E-03
+12.190000E+00,+15.842E-03
+12.192000E+00,+11.319E-03
+12.194000E+00,+7.802E-03
+12.196000E+00,+12.827E-03
+12.198000E+00,+15.842E-03
+12.200000E+00,+15.842E-03
+12.202000E+00,+6.294E-03
+12.204000E+00,+9.812E-03
+12.206000E+00,+15.842E-03
+12.208000E+00,+11.319E-03
+12.210000E+00,+7.802E-03
+12.212000E+00,+7.802E-03
+12.214000E+00,+12.827E-03
+12.216000E+00,+11.319E-03
+12.218000E+00,+12.827E-03
+12.220000E+00,+11.319E-03
+12.222000E+00,+7.802E-03
+12.224000E+00,+7.802E-03
+12.226000E+00,+7.802E-03
+12.228000E+00,+7.802E-03
+12.230000E+00,+7.802E-03
+12.232000E+00,+7.802E-03
+12.234000E+00,+12.827E-03
+12.236000E+00,+11.319E-03
+12.238000E+00,+7.802E-03
+12.240000E+00,+3.279E-03
+12.242000E+00,+4.786E-03
+12.244000E+00,+3.279E-03
+12.246000E+00,+4.786E-03
+12.248000E+00,+12.827E-03
+12.250000E+00,+11.319E-03
+12.252000E+00,+7.802E-03
+12.254000E+00,+12.827E-03
+12.256000E+00,+6.294E-03
+12.258000E+00,-239E-06
+12.260000E+00,+9.812E-03
+12.262000E+00,+20.867E-03
+12.264000E+00,+14.334E-03
+12.266000E+00,+12.827E-03
+12.268000E+00,+11.319E-03
+12.270000E+00,+7.802E-03
+12.272000E+00,+7.802E-03
+12.274000E+00,+7.802E-03
+12.276000E+00,+7.802E-03
+12.278000E+00,+12.827E-03
+12.280000E+00,+15.842E-03
+12.282000E+00,+15.842E-03
+12.284000E+00,+11.319E-03
+12.286000E+00,+7.802E-03
+12.288000E+00,+7.802E-03
+12.290000E+00,+7.802E-03
+12.292000E+00,+7.802E-03
+12.294000E+00,+7.802E-03
+12.296000E+00,+7.802E-03
+12.298000E+00,+7.802E-03
+12.300000E+00,+12.827E-03
+12.302000E+00,+11.319E-03
+12.304000E+00,+12.827E-03
+12.306000E+00,+11.319E-03
+12.308000E+00,+7.802E-03
+12.310000E+00,+7.802E-03
+12.312000E+00,+3.279E-03
+12.314000E+00,+4.786E-03
+12.316000E+00,+12.827E-03
+12.318000E+00,+15.842E-03
+12.320000E+00,+15.842E-03
+12.322000E+00,+11.319E-03
+12.324000E+00,+12.827E-03
+12.326000E+00,+6.294E-03
+12.328000E+00,+4.786E-03
+12.330000E+00,+12.827E-03
+12.332000E+00,+11.319E-03
+12.334000E+00,+7.802E-03
+12.336000E+00,+12.827E-03
+12.338000E+00,+11.319E-03
+12.340000E+00,+3.279E-03
+12.342000E+00,+9.812E-03
+12.344000E+00,+11.319E-03
+12.346000E+00,+7.802E-03
+12.348000E+00,+12.827E-03
+12.350000E+00,+11.319E-03
+12.352000E+00,+7.802E-03
+12.354000E+00,+7.802E-03
+12.356000E+00,+7.802E-03
+12.358000E+00,+7.802E-03
+12.360000E+00,+7.802E-03
+12.362000E+00,+12.827E-03
+12.364000E+00,+15.842E-03
+12.366000E+00,+15.842E-03
+12.368000E+00,+6.294E-03
+12.370000E+00,-239E-06
+12.372000E+00,+4.786E-03
+12.374000E+00,+12.827E-03
+12.376000E+00,+11.319E-03
+12.378000E+00,+7.802E-03
+12.380000E+00,+7.802E-03
+12.382000E+00,+7.802E-03
+12.384000E+00,+7.802E-03
+12.386000E+00,+12.827E-03
+12.388000E+00,+11.319E-03
+12.390000E+00,+7.802E-03
+12.392000E+00,+3.279E-03
+12.394000E+00,+4.786E-03
+12.396000E+00,+3.279E-03
+12.398000E+00,+4.786E-03
+12.400000E+00,+7.802E-03
+12.402000E+00,+12.827E-03
+12.404000E+00,+15.842E-03
+12.406000E+00,+11.319E-03
+12.408000E+00,+7.802E-03
+12.410000E+00,+3.279E-03
+12.412000E+00,-239E-06
+12.414000E+00,+4.786E-03
+12.416000E+00,+7.802E-03
+12.418000E+00,+7.802E-03
+12.420000E+00,+12.827E-03
+12.422000E+00,+11.319E-03
+12.424000E+00,+7.802E-03
+12.426000E+00,+7.802E-03
+12.428000E+00,+7.802E-03
+12.430000E+00,+7.802E-03
+12.432000E+00,+7.802E-03
+12.434000E+00,+12.827E-03
+12.436000E+00,+6.294E-03
+12.438000E+00,+4.786E-03
+12.440000E+00,+7.802E-03
+12.442000E+00,+7.802E-03
+12.444000E+00,+7.802E-03
+12.446000E+00,+3.279E-03
+12.448000E+00,+9.812E-03
+12.450000E+00,+15.842E-03
+12.452000E+00,+11.319E-03
+12.454000E+00,+3.279E-03
+12.456000E+00,+4.786E-03
+12.458000E+00,+12.827E-03
+12.460000E+00,+15.842E-03
+12.462000E+00,+11.319E-03
+12.464000E+00,+7.802E-03
+12.466000E+00,+12.827E-03
+12.468000E+00,+15.842E-03
+12.470000E+00,+15.842E-03
+12.472000E+00,+11.319E-03
+12.474000E+00,+7.802E-03
+12.476000E+00,+12.827E-03
+12.478000E+00,+11.319E-03
+12.480000E+00,+12.827E-03
+12.482000E+00,+11.319E-03
+12.484000E+00,+7.802E-03
+12.486000E+00,+7.802E-03
+12.488000E+00,+7.802E-03
+12.490000E+00,+7.802E-03
+12.492000E+00,+12.827E-03
+12.494000E+00,+11.319E-03
+12.496000E+00,+3.279E-03
+12.498000E+00,+9.812E-03
+12.500000E+00,+15.842E-03
+12.502000E+00,+15.842E-03
+12.504000E+00,+6.294E-03
+12.506000E+00,+4.786E-03
+12.508000E+00,+7.802E-03
+12.510000E+00,+12.827E-03
+12.512000E+00,+11.319E-03
+12.514000E+00,+12.827E-03
+12.516000E+00,+11.319E-03
+12.518000E+00,+7.802E-03
+12.520000E+00,+12.827E-03
+12.522000E+00,+11.319E-03
+12.524000E+00,+7.802E-03
+12.526000E+00,+12.827E-03
+12.528000E+00,+11.319E-03
+12.530000E+00,+7.802E-03
+12.532000E+00,+12.827E-03
+12.534000E+00,+11.319E-03
+12.536000E+00,+3.279E-03
+12.538000E+00,+9.812E-03
+12.540000E+00,+11.319E-03
+12.542000E+00,+12.827E-03
+12.544000E+00,+15.842E-03
+12.546000E+00,+11.319E-03
+12.548000E+00,+7.802E-03
+12.550000E+00,+7.802E-03
+12.552000E+00,+12.827E-03
+12.554000E+00,+15.842E-03
+12.556000E+00,+15.842E-03
+12.558000E+00,+11.319E-03
+12.560000E+00,+7.802E-03
+12.562000E+00,+12.827E-03
+12.564000E+00,+11.319E-03
+12.566000E+00,+7.802E-03
+12.568000E+00,+7.802E-03
+12.570000E+00,+12.827E-03
+12.572000E+00,+15.842E-03
+12.574000E+00,+11.319E-03
+12.576000E+00,+7.802E-03
+12.578000E+00,+7.802E-03
+12.580000E+00,+12.827E-03
+12.582000E+00,+15.842E-03
+12.584000E+00,+11.319E-03
+12.586000E+00,+12.827E-03
+12.588000E+00,+11.319E-03
+12.590000E+00,+7.802E-03
+12.592000E+00,+12.827E-03
+12.594000E+00,+15.842E-03
+12.596000E+00,+11.319E-03
+12.598000E+00,+7.802E-03
+12.600000E+00,+3.279E-03
+12.602000E+00,+4.786E-03
+12.604000E+00,+7.802E-03
+12.606000E+00,+7.802E-03
+12.608000E+00,+7.802E-03
+12.610000E+00,+7.802E-03
+12.612000E+00,+7.802E-03
+12.614000E+00,+7.802E-03
+12.616000E+00,+7.802E-03
+12.618000E+00,+12.827E-03
+12.620000E+00,+15.842E-03
+12.622000E+00,+6.294E-03
+12.624000E+00,+9.812E-03
+12.626000E+00,+11.319E-03
+12.628000E+00,+12.827E-03
+12.630000E+00,+15.842E-03
+12.632000E+00,+20.867E-03
+12.634000E+00,+14.334E-03
+12.636000E+00,+12.827E-03
+12.638000E+00,+11.319E-03
+12.640000E+00,+7.802E-03
+12.642000E+00,+12.827E-03
+12.644000E+00,+15.842E-03
+12.646000E+00,+15.842E-03
+12.648000E+00,+11.319E-03
+12.650000E+00,+7.802E-03
+12.652000E+00,+12.827E-03
+12.654000E+00,+11.319E-03
+12.656000E+00,+7.802E-03
+12.658000E+00,+27.400E-03
+12.660000E+00,+39.962E-03
+12.662000E+00,+44.987E-03
+12.664000E+00,+48.003E-03
+12.666000E+00,+43.480E-03
+12.668000E+00,+39.962E-03
+12.670000E+00,+39.962E-03
+12.672000E+00,+44.987E-03
+12.674000E+00,+43.480E-03
+12.676000E+00,+44.987E-03
+12.678000E+00,+48.003E-03
+12.680000E+00,+48.003E-03
+12.682000E+00,+48.003E-03
+12.684000E+00,+43.480E-03
+12.686000E+00,+39.962E-03
+12.688000E+00,+35.440E-03
+12.690000E+00,+41.972E-03
+12.692000E+00,+43.480E-03
+12.694000E+00,+39.962E-03
+12.696000E+00,+44.987E-03
+12.698000E+00,+43.480E-03
+12.700000E+00,+35.440E-03
+12.702000E+00,+41.972E-03
+12.704000E+00,+43.480E-03
+12.706000E+00,+39.962E-03
+12.708000E+00,+39.962E-03
+12.710000E+00,+44.987E-03
+12.712000E+00,+43.480E-03
+12.714000E+00,+44.987E-03
+12.716000E+00,+48.003E-03
+12.718000E+00,+58.053E-03
+12.720000E+00,+69.108E-03
+12.722000E+00,+67.601E-03
+12.724000E+00,+69.108E-03
+12.726000E+00,+67.601E-03
+12.728000E+00,+64.083E-03
+12.730000E+00,+59.560E-03
+12.732000E+00,+66.093E-03
+12.734000E+00,+67.601E-03
+12.736000E+00,+64.083E-03
+12.738000E+00,+69.108E-03
+12.740000E+00,+67.601E-03
+12.742000E+00,+64.083E-03
+12.744000E+00,+69.108E-03
+12.746000E+00,+62.575E-03
+12.748000E+00,+56.043E-03
+12.750000E+00,+61.068E-03
+12.752000E+00,+64.083E-03
+12.754000E+00,+64.083E-03
+12.756000E+00,+64.083E-03
+12.758000E+00,+64.083E-03
+12.760000E+00,+74.133E-03
+12.762000E+00,+70.616E-03
+12.764000E+00,+64.083E-03
+12.766000E+00,+69.108E-03
+12.768000E+00,+72.123E-03
+12.770000E+00,+67.601E-03
+12.772000E+00,+64.083E-03
+12.774000E+00,+64.083E-03
+12.776000E+00,+64.083E-03
+12.778000E+00,+64.083E-03
+12.780000E+00,+69.108E-03
+12.782000E+00,+72.123E-03
+12.784000E+00,+62.575E-03
+12.786000E+00,+66.093E-03
+12.788000E+00,+67.601E-03
+12.790000E+00,+64.083E-03
+12.792000E+00,+69.108E-03
+12.794000E+00,+67.601E-03
+12.796000E+00,+64.083E-03
+12.798000E+00,+64.083E-03
+12.800000E+00,+64.083E-03
+12.802000E+00,+59.560E-03
+12.804000E+00,+66.093E-03
+12.806000E+00,+62.575E-03
+12.808000E+00,+66.093E-03
+12.810000E+00,+67.601E-03
+12.812000E+00,+69.108E-03
+12.814000E+00,+62.575E-03
+12.816000E+00,+61.068E-03
+12.818000E+00,+74.133E-03
+12.820000E+00,+70.616E-03
+12.822000E+00,+64.083E-03
+12.824000E+00,+64.083E-03
+12.826000E+00,+64.083E-03
+12.828000E+00,+69.108E-03
+12.830000E+00,+67.601E-03
+12.832000E+00,+64.083E-03
+12.834000E+00,+69.108E-03
+12.836000E+00,+67.601E-03
+12.838000E+00,+69.108E-03
+12.840000E+00,+67.601E-03
+12.842000E+00,+64.083E-03
+12.844000E+00,+69.108E-03
+12.846000E+00,+67.601E-03
+12.848000E+00,+64.083E-03
+12.850000E+00,+64.083E-03
+12.852000E+00,+64.083E-03
+12.854000E+00,+64.083E-03
+12.856000E+00,+64.083E-03
+12.858000E+00,+64.083E-03
+12.860000E+00,+69.108E-03
+12.862000E+00,+72.123E-03
+12.864000E+00,+72.123E-03
+12.866000E+00,+67.601E-03
+12.868000E+00,+64.083E-03
+12.870000E+00,+59.560E-03
+12.872000E+00,+61.068E-03
+12.874000E+00,+64.083E-03
+12.876000E+00,+64.083E-03
+12.878000E+00,+64.083E-03
+12.880000E+00,+64.083E-03
+12.882000E+00,+69.108E-03
+12.884000E+00,+67.601E-03
+12.886000E+00,+64.083E-03
+12.888000E+00,+59.560E-03
+12.890000E+00,+56.043E-03
+12.892000E+00,+66.093E-03
+12.894000E+00,+67.601E-03
+12.896000E+00,+59.560E-03
+12.898000E+00,+61.068E-03
+12.900000E+00,+64.083E-03
+12.902000E+00,+64.083E-03
+12.904000E+00,+69.108E-03
+12.906000E+00,+67.601E-03
+12.908000E+00,+64.083E-03
+12.910000E+00,+59.560E-03
+12.912000E+00,+66.093E-03
+12.914000E+00,+67.601E-03
+12.916000E+00,+64.083E-03
+12.918000E+00,+64.083E-03
+12.920000E+00,+64.083E-03
+12.922000E+00,+64.083E-03
+12.924000E+00,+64.083E-03
+12.926000E+00,+64.083E-03
+12.928000E+00,+64.083E-03
+12.930000E+00,+69.108E-03
+12.932000E+00,+72.123E-03
+12.934000E+00,+72.123E-03
+12.936000E+00,+72.123E-03
+12.938000E+00,+72.123E-03
+12.940000E+00,+67.601E-03
+12.942000E+00,+64.083E-03
+12.944000E+00,+69.108E-03
+12.946000E+00,+67.601E-03
+12.948000E+00,+64.083E-03
+12.950000E+00,+64.083E-03
+12.952000E+00,+64.083E-03
+12.954000E+00,+69.108E-03
+12.956000E+00,+67.601E-03
+12.958000E+00,+64.083E-03
+12.960000E+00,+69.108E-03
+12.962000E+00,+67.601E-03
+12.964000E+00,+69.108E-03
+12.966000E+00,+72.123E-03
+12.968000E+00,+67.601E-03
+12.970000E+00,+64.083E-03
+12.972000E+00,+64.083E-03
+12.974000E+00,+69.108E-03
+12.976000E+00,+67.601E-03
+12.978000E+00,+64.083E-03
+12.980000E+00,+69.108E-03
+12.982000E+00,+72.123E-03
+12.984000E+00,+67.601E-03
+12.986000E+00,+64.083E-03
+12.988000E+00,+69.108E-03
+12.990000E+00,+72.123E-03
+12.992000E+00,+72.123E-03
+12.994000E+00,+67.601E-03
+12.996000E+00,+64.083E-03
+12.998000E+00,+69.108E-03
+13.000000E+00,+67.601E-03
+13.002000E+00,+64.083E-03
+13.004000E+00,+69.108E-03
+13.006000E+00,+67.601E-03
+13.008000E+00,+69.108E-03
+13.010000E+00,+67.601E-03
+13.012000E+00,+69.108E-03
+13.014000E+00,+67.601E-03
+13.016000E+00,+64.083E-03
+13.018000E+00,+64.083E-03
+13.020000E+00,+64.083E-03
+13.022000E+00,+69.108E-03
+13.024000E+00,+67.601E-03
+13.026000E+00,+69.108E-03
+13.028000E+00,+67.601E-03
+13.030000E+00,+64.083E-03
+13.032000E+00,+64.083E-03
+13.034000E+00,+69.108E-03
+13.036000E+00,+72.123E-03
+13.038000E+00,+67.601E-03
+13.040000E+00,+64.083E-03
+13.042000E+00,+64.083E-03
+13.044000E+00,+64.083E-03
+13.046000E+00,+64.083E-03
+13.048000E+00,+74.133E-03
+13.050000E+00,+70.616E-03
+13.052000E+00,+64.083E-03
+13.054000E+00,+69.108E-03
+13.056000E+00,+72.123E-03
+13.058000E+00,+67.601E-03
+13.060000E+00,+64.083E-03
+13.062000E+00,+64.083E-03
+13.064000E+00,+64.083E-03
+13.066000E+00,+64.083E-03
+13.068000E+00,+69.108E-03
+13.070000E+00,+67.601E-03
+13.072000E+00,+69.108E-03
+13.074000E+00,+67.601E-03
+13.076000E+00,+64.083E-03
+13.078000E+00,+64.083E-03
+13.080000E+00,+64.083E-03
+13.082000E+00,+69.108E-03
+13.084000E+00,+67.601E-03
+13.086000E+00,+64.083E-03
+13.088000E+00,+64.083E-03
+13.090000E+00,+69.108E-03
+13.092000E+00,+72.123E-03
+13.094000E+00,+67.601E-03
+13.096000E+00,+64.083E-03
+13.098000E+00,+64.083E-03
+13.100000E+00,+64.083E-03
+13.102000E+00,+69.108E-03
+13.104000E+00,+67.601E-03
+13.106000E+00,+69.108E-03
+13.108000E+00,+67.601E-03
+13.110000E+00,+69.108E-03
+13.112000E+00,+67.601E-03
+13.114000E+00,+64.083E-03
+13.116000E+00,+69.108E-03
+13.118000E+00,+62.575E-03
+13.120000E+00,+66.093E-03
+13.122000E+00,+72.123E-03
+13.124000E+00,+62.575E-03
+13.126000E+00,+61.068E-03
+13.128000E+00,+69.108E-03
+13.130000E+00,+72.123E-03
+13.132000E+00,+67.601E-03
+13.134000E+00,+64.083E-03
+13.136000E+00,+64.083E-03
+13.138000E+00,+69.108E-03
+13.140000E+00,+67.601E-03
+13.142000E+00,+69.108E-03
+13.144000E+00,+67.601E-03
+13.146000E+00,+64.083E-03
+13.148000E+00,+64.083E-03
+13.150000E+00,+64.083E-03
+13.152000E+00,+64.083E-03
+13.154000E+00,+69.108E-03
+13.156000E+00,+67.601E-03
+13.158000E+00,+69.108E-03
+13.160000E+00,+67.601E-03
+13.162000E+00,+64.083E-03
+13.164000E+00,+69.108E-03
+13.166000E+00,+67.601E-03
+13.168000E+00,+64.083E-03
+13.170000E+00,+69.108E-03
+13.172000E+00,+67.601E-03
+13.174000E+00,+64.083E-03
+13.176000E+00,+64.083E-03
+13.178000E+00,+69.108E-03
+13.180000E+00,+67.601E-03
+13.182000E+00,+64.083E-03
+13.184000E+00,+64.083E-03
+13.186000E+00,+64.083E-03
+13.188000E+00,+69.108E-03
+13.190000E+00,+67.601E-03
+13.192000E+00,+69.108E-03
+13.194000E+00,+67.601E-03
+13.196000E+00,+64.083E-03
+13.198000E+00,+64.083E-03
+13.200000E+00,+59.560E-03
+13.202000E+00,+61.068E-03
+13.204000E+00,+64.083E-03
+13.206000E+00,+64.083E-03
+13.208000E+00,+64.083E-03
+13.210000E+00,+64.083E-03
+13.212000E+00,+59.560E-03
+13.214000E+00,+56.043E-03
+13.216000E+00,+66.093E-03
+13.218000E+00,+67.601E-03
+13.220000E+00,+69.108E-03
+13.222000E+00,+67.601E-03
+13.224000E+00,+64.083E-03
+13.226000E+00,+64.083E-03
+13.228000E+00,+69.108E-03
+13.230000E+00,+67.601E-03
+13.232000E+00,+64.083E-03
+13.234000E+00,+69.108E-03
+13.236000E+00,+67.601E-03
+13.238000E+00,+64.083E-03
+13.240000E+00,+64.083E-03
+13.242000E+00,+64.083E-03
+13.244000E+00,+64.083E-03
+13.246000E+00,+64.083E-03
+13.248000E+00,+64.083E-03
+13.250000E+00,+69.108E-03
+13.252000E+00,+67.601E-03
+13.254000E+00,+64.083E-03
+13.256000E+00,+69.108E-03
+13.258000E+00,+67.601E-03
+13.260000E+00,+64.083E-03
+13.262000E+00,+64.083E-03
+13.264000E+00,+69.108E-03
+13.266000E+00,+72.123E-03
+13.268000E+00,+67.601E-03
+13.270000E+00,+69.108E-03
+13.272000E+00,+72.123E-03
+13.274000E+00,+72.123E-03
+13.276000E+00,+67.601E-03
+13.278000E+00,+64.083E-03
+13.280000E+00,+64.083E-03
+13.282000E+00,+69.108E-03
+13.284000E+00,+62.575E-03
+13.286000E+00,+61.068E-03
+13.288000E+00,+69.108E-03
+13.290000E+00,+67.601E-03
+13.292000E+00,+69.108E-03
+13.294000E+00,+67.601E-03
+13.296000E+00,+69.108E-03
+13.298000E+00,+67.601E-03
+13.300000E+00,+64.083E-03
+13.302000E+00,+69.108E-03
+13.304000E+00,+62.575E-03
+13.306000E+00,+61.068E-03
+13.308000E+00,+64.083E-03
+13.310000E+00,+64.083E-03
+13.312000E+00,+64.083E-03
+13.314000E+00,+64.083E-03
+13.316000E+00,+64.083E-03
+13.318000E+00,+69.108E-03
+13.320000E+00,+67.601E-03
+13.322000E+00,+69.108E-03
+13.324000E+00,+67.601E-03
+13.326000E+00,+64.083E-03
+13.328000E+00,+64.083E-03
+13.330000E+00,+64.083E-03
+13.332000E+00,+64.083E-03
+13.334000E+00,+64.083E-03
+13.336000E+00,+64.083E-03
+13.338000E+00,+69.108E-03
+13.340000E+00,+67.601E-03
+13.342000E+00,+64.083E-03
+13.344000E+00,+64.083E-03
+13.346000E+00,+59.560E-03
+13.348000E+00,+66.093E-03
+13.350000E+00,+72.123E-03
+13.352000E+00,+72.123E-03
+13.354000E+00,+67.601E-03
+13.356000E+00,+59.560E-03
+13.358000E+00,+61.068E-03
+13.360000E+00,+64.083E-03
+13.362000E+00,+64.083E-03
+13.364000E+00,+69.108E-03
+13.366000E+00,+67.601E-03
+13.368000E+00,+64.083E-03
+13.370000E+00,+69.108E-03
+13.372000E+00,+72.123E-03
+13.374000E+00,+62.575E-03
+13.376000E+00,+61.068E-03
+13.378000E+00,+64.083E-03
+13.380000E+00,+64.083E-03
+13.382000E+00,+64.083E-03
+13.384000E+00,+69.108E-03
+13.386000E+00,+72.123E-03
+13.388000E+00,+67.601E-03
+13.390000E+00,+64.083E-03
+13.392000E+00,+59.560E-03
+13.394000E+00,+66.093E-03
+13.396000E+00,+67.601E-03
+13.398000E+00,+64.083E-03
+13.400000E+00,+64.083E-03
+13.402000E+00,+69.108E-03
+13.404000E+00,+67.601E-03
+13.406000E+00,+64.083E-03
+13.408000E+00,+64.083E-03
+13.410000E+00,+69.108E-03
+13.412000E+00,+72.123E-03
+13.414000E+00,+67.601E-03
+13.416000E+00,+64.083E-03
+13.418000E+00,+64.083E-03
+13.420000E+00,+69.108E-03
+13.422000E+00,+67.601E-03
+13.424000E+00,+69.108E-03
+13.426000E+00,+72.123E-03
+13.428000E+00,+62.575E-03
+13.430000E+00,+61.068E-03
+13.432000E+00,+64.083E-03
+13.434000E+00,+64.083E-03
+13.436000E+00,+64.083E-03
+13.438000E+00,+64.083E-03
+13.440000E+00,+69.108E-03
+13.442000E+00,+72.123E-03
+13.444000E+00,+62.575E-03
+13.446000E+00,+66.093E-03
+13.448000E+00,+67.601E-03
+13.450000E+00,+64.083E-03
+13.452000E+00,+69.108E-03
+13.454000E+00,+72.123E-03
+13.456000E+00,+67.601E-03
+13.458000E+00,+64.083E-03
+13.460000E+00,+64.083E-03
+13.462000E+00,+64.083E-03
+13.464000E+00,+69.108E-03
+13.466000E+00,+67.601E-03
+13.468000E+00,+64.083E-03
+13.470000E+00,+69.108E-03
+13.472000E+00,+72.123E-03
+13.474000E+00,+67.601E-03
+13.476000E+00,+64.083E-03
+13.478000E+00,+64.083E-03
+13.480000E+00,+69.108E-03
+13.482000E+00,+72.123E-03
+13.484000E+00,+67.601E-03
+13.486000E+00,+59.560E-03
+13.488000E+00,+61.068E-03
+13.490000E+00,+64.083E-03
+13.492000E+00,+64.083E-03
+13.494000E+00,+69.108E-03
+13.496000E+00,+67.601E-03
+13.498000E+00,+69.108E-03
+13.500000E+00,+72.123E-03
+13.502000E+00,+67.601E-03
+13.504000E+00,+69.108E-03
+13.506000E+00,+67.601E-03
+13.508000E+00,+64.083E-03
+13.510000E+00,+64.083E-03
+13.512000E+00,+64.083E-03
+13.514000E+00,+69.108E-03
+13.516000E+00,+67.601E-03
+13.518000E+00,+64.083E-03
+13.520000E+00,+64.083E-03
+13.522000E+00,+64.083E-03
+13.524000E+00,+69.108E-03
+13.526000E+00,+72.123E-03
+13.528000E+00,+62.575E-03
+13.530000E+00,+61.068E-03
+13.532000E+00,+64.083E-03
+13.534000E+00,+64.083E-03
+13.536000E+00,+64.083E-03
+13.538000E+00,+69.108E-03
+13.540000E+00,+67.601E-03
+13.542000E+00,+64.083E-03
+13.544000E+00,+64.083E-03
+13.546000E+00,+64.083E-03
+13.548000E+00,+64.083E-03
+13.550000E+00,+69.108E-03
+13.552000E+00,+67.601E-03
+13.554000E+00,+69.108E-03
+13.556000E+00,+72.123E-03
+13.558000E+00,+67.601E-03
+13.560000E+00,+64.083E-03
+13.562000E+00,+64.083E-03
+13.564000E+00,+59.560E-03
+13.566000E+00,+61.068E-03
+13.568000E+00,+64.083E-03
+13.570000E+00,+64.083E-03
+13.572000E+00,+64.083E-03
+13.574000E+00,+69.108E-03
+13.576000E+00,+67.601E-03
+13.578000E+00,+69.108E-03
+13.580000E+00,+72.123E-03
+13.582000E+00,+67.601E-03
+13.584000E+00,+64.083E-03
+13.586000E+00,+64.083E-03
+13.588000E+00,+64.083E-03
+13.590000E+00,+64.083E-03
+13.592000E+00,+64.083E-03
+13.594000E+00,+64.083E-03
+13.596000E+00,+69.108E-03
+13.598000E+00,+67.601E-03
+13.600000E+00,+64.083E-03
+13.602000E+00,+69.108E-03
+13.604000E+00,+72.123E-03
+13.606000E+00,+67.601E-03
+13.608000E+00,+64.083E-03
+13.610000E+00,+69.108E-03
+13.612000E+00,+67.601E-03
+13.614000E+00,+69.108E-03
+13.616000E+00,+67.601E-03
+13.618000E+00,+69.108E-03
+13.620000E+00,+72.123E-03
+13.622000E+00,+72.123E-03
+13.624000E+00,+67.601E-03
+13.626000E+00,+69.108E-03
+13.628000E+00,+67.601E-03
+13.630000E+00,+64.083E-03
+13.632000E+00,+69.108E-03
+13.634000E+00,+67.601E-03
+13.636000E+00,+64.083E-03
+13.638000E+00,+64.083E-03
+13.640000E+00,+64.083E-03
+13.642000E+00,+64.083E-03
+13.644000E+00,+64.083E-03
+13.646000E+00,+69.108E-03
+13.648000E+00,+67.601E-03
+13.650000E+00,+69.108E-03
+13.652000E+00,+67.601E-03
+13.654000E+00,+69.108E-03
+13.656000E+00,+72.123E-03
+13.658000E+00,+72.123E-03
+13.660000E+00,+67.601E-03
+13.662000E+00,+64.083E-03
+13.664000E+00,+69.108E-03
+13.666000E+00,+67.601E-03
+13.668000E+00,+64.083E-03
+13.670000E+00,+64.083E-03
+13.672000E+00,+64.083E-03
+13.674000E+00,+64.083E-03
+13.676000E+00,+64.083E-03
+13.678000E+00,+69.108E-03
+13.680000E+00,+62.575E-03
+13.682000E+00,+36.947E-03
+13.684000E+00,+53.028E-03
+13.686000E+00,+62.575E-03
+13.688000E+00,+66.093E-03
+13.690000E+00,+67.601E-03
+13.692000E+00,+64.083E-03
+13.694000E+00,+64.083E-03
+13.696000E+00,+64.083E-03
+13.698000E+00,+69.108E-03
+13.700000E+00,+72.123E-03
+13.702000E+00,+67.601E-03
+13.704000E+00,+59.560E-03
+13.706000E+00,+27.400E-03
+13.708000E+00,+7.802E-03
+13.710000E+00,+12.827E-03
+13.712000E+00,+49.510E-03
+13.714000E+00,+67.601E-03
+13.716000E+00,+35.440E-03
+13.718000E+00,+15.842E-03
+13.720000E+00,+11.319E-03
+13.722000E+00,+46.495E-03
+13.724000E+00,+48.505E-03
+13.726000E+00,+22.374E-03
+13.728000E+00,+11.319E-03
+13.730000E+00,+7.802E-03
+13.732000E+00,+41.470E-03
+13.734000E+00,+69.108E-03
+13.736000E+00,+38.957E-03
+13.738000E+00,+11.319E-03
+13.740000E+00,+7.802E-03
+13.742000E+00,+41.470E-03
+13.744000E+00,+69.108E-03
+13.746000E+00,+33.932E-03
+13.748000E+00,+3.279E-03
+13.750000E+00,+4.786E-03
+13.752000E+00,+46.495E-03
+13.754000E+00,+72.123E-03
+13.756000E+00,+38.957E-03
+13.758000E+00,+11.319E-03
+13.760000E+00,+7.802E-03
+13.762000E+00,+46.495E-03
+13.764000E+00,+72.123E-03
+13.766000E+00,+33.932E-03
+13.768000E+00,+7.802E-03
+13.770000E+00,+51.018E-03
+13.772000E+00,+70.616E-03
+13.774000E+00,+69.108E-03
+13.776000E+00,+33.932E-03
+13.778000E+00,+7.802E-03
+13.780000E+00,+7.802E-03
+13.782000E+00,+41.470E-03
+13.784000E+00,+64.083E-03
+13.786000E+00,+35.440E-03
+13.788000E+00,+11.319E-03
+13.790000E+00,+51.018E-03
+13.792000E+00,+70.616E-03
+13.794000E+00,+64.083E-03
+13.796000E+00,+35.440E-03
+13.798000E+00,+11.319E-03
+13.800000E+00,+12.827E-03
+13.802000E+00,+49.510E-03
+13.804000E+00,+67.601E-03
+13.806000E+00,+30.917E-03
+13.808000E+00,+12.827E-03
+13.810000E+00,+11.319E-03
+13.812000E+00,+41.470E-03
+13.814000E+00,+64.083E-03
+13.816000E+00,+40.465E-03
+13.818000E+00,+9.812E-03
+13.820000E+00,-239E-06
+13.822000E+00,+42.977E-03
+13.824000E+00,+72.123E-03
+13.826000E+00,+38.957E-03
+13.828000E+00,+15.842E-03
+13.830000E+00,+15.842E-03
+13.832000E+00,+44.987E-03
+13.834000E+00,+64.083E-03
+13.836000E+00,+30.917E-03
+13.838000E+00,+12.827E-03
+13.840000E+00,+15.842E-03
+13.842000E+00,+49.510E-03
+13.844000E+00,+67.601E-03
+13.846000E+00,+30.917E-03
+13.848000E+00,+12.827E-03
+13.850000E+00,+15.842E-03
+13.852000E+00,+64.083E-03
+13.854000E+00,+77.148E-03
+13.856000E+00,+30.917E-03
+13.858000E+00,+12.827E-03
+13.860000E+00,+11.319E-03
+13.862000E+00,+51.018E-03
+13.864000E+00,+70.616E-03
+13.866000E+00,+69.108E-03
+13.868000E+00,+33.932E-03
+13.870000E+00,+7.802E-03
+13.872000E+00,+41.470E-03
+13.874000E+00,+64.083E-03
+13.876000E+00,+35.440E-03
+13.878000E+00,+6.294E-03
+13.880000E+00,+9.812E-03
+13.882000E+00,+44.987E-03
+13.884000E+00,+64.083E-03
+13.886000E+00,+30.917E-03
+13.888000E+00,+7.802E-03
+13.890000E+00,+7.802E-03
+13.892000E+00,+3.279E-03
+13.894000E+00,+28.907E-03
+13.896000E+00,+143.982E-03
+13.898000E+00,+170.616E-03
+13.900000E+00,+168.606E-03
+13.902000E+00,+189.711E-03
+13.904000E+00,+150.013E-03
+13.906000E+00,+120.364E-03
+13.908000E+00,+159.058E-03
+13.910000E+00,+146.495E-03
+13.912000E+00,+163.580E-03
+13.914000E+00,+188.204E-03
+13.916000E+00,+122.877E-03
+13.918000E+00,+85.188E-03
+13.920000E+00,+45.490E-03
+13.922000E+00,+20.867E-03
+13.924000E+00,+19.359E-03
+13.926000E+00,+54.535E-03
+13.928000E+00,+80.163E-03
+13.930000E+00,+46.997E-03
+13.932000E+00,+23.882E-03
+13.934000E+00,+28.907E-03
+13.936000E+00,+61.068E-03
+13.938000E+00,+80.163E-03
+13.940000E+00,+75.641E-03
+13.942000E+00,+43.480E-03
+13.944000E+00,+19.359E-03
+13.946000E+00,+54.535E-03
+13.948000E+00,+80.163E-03
+13.950000E+00,+85.188E-03
+13.952000E+00,+50.013E-03
+13.954000E+00,+48.003E-03
+13.956000E+00,+74.133E-03
+13.958000E+00,+80.163E-03
+13.960000E+00,+46.997E-03
+13.962000E+00,+23.882E-03
+13.964000E+00,+23.882E-03
+13.966000E+00,+57.550E-03
+13.968000E+00,+80.163E-03
+13.970000E+00,+80.163E-03
+13.972000E+00,+46.997E-03
+13.974000E+00,+28.907E-03
+13.976000E+00,+65.590E-03
+13.978000E+00,+83.681E-03
+13.980000E+00,+41.972E-03
+13.982000E+00,+25.892E-03
+13.984000E+00,+22.374E-03
+13.986000E+00,+54.535E-03
+13.988000E+00,+80.163E-03
+13.990000E+00,+80.163E-03
+13.992000E+00,+46.997E-03
+13.994000E+00,+23.882E-03
+13.996000E+00,+57.550E-03
+13.998000E+00,+85.188E-03
+14.000000E+00,+50.013E-03
+14.002000E+00,+19.359E-03
+14.004000E+00,+20.867E-03
+14.006000E+00,+81.671E-03
+14.008000E+00,+168.606E-03
+14.010000E+00,+196.244E-03
+14.012000E+00,+202.776E-03
+14.014000E+00,+208.807E-03
+14.016000E+00,+208.807E-03
+14.018000E+00,+204.284E-03
+14.020000E+00,+200.766E-03
+14.022000E+00,+196.244E-03
+14.024000E+00,+192.726E-03
+14.026000E+00,+197.751E-03
+14.028000E+00,+200.766E-03
+14.030000E+00,+200.766E-03
+14.032000E+00,+196.244E-03
+14.034000E+00,+197.751E-03
+14.036000E+00,+200.766E-03
+14.038000E+00,+205.791E-03
+14.040000E+00,+204.284E-03
+14.042000E+00,+196.244E-03
+14.044000E+00,+197.751E-03
+14.046000E+00,+205.791E-03
+14.048000E+00,+199.259E-03
+14.050000E+00,+192.726E-03
+14.052000E+00,+192.726E-03
+14.054000E+00,+202.776E-03
+14.056000E+00,+208.807E-03
+14.058000E+00,+208.807E-03
+14.060000E+00,+204.284E-03
+14.062000E+00,+200.766E-03
+14.064000E+00,+200.766E-03
+14.066000E+00,+200.766E-03
+14.068000E+00,+200.766E-03
+14.070000E+00,+200.766E-03
+14.072000E+00,+200.766E-03
+14.074000E+00,+205.791E-03
+14.076000E+00,+199.259E-03
+14.078000E+00,+197.751E-03
+14.080000E+00,+200.766E-03
+14.082000E+00,+196.244E-03
+14.084000E+00,+197.751E-03
+14.086000E+00,+200.766E-03
+14.088000E+00,+200.766E-03
+14.090000E+00,+200.766E-03
+14.092000E+00,+200.766E-03
+14.094000E+00,+200.766E-03
+14.096000E+00,+200.766E-03
+14.098000E+00,+200.766E-03
+14.100000E+00,+200.766E-03
+14.102000E+00,+196.244E-03
+14.104000E+00,+192.726E-03
+14.106000E+00,+116.344E-03
+14.108000E+00,+102.776E-03
+14.110000E+00,+167.098E-03
+14.112000E+00,+192.726E-03
+14.114000E+00,+197.751E-03
+14.116000E+00,+200.766E-03
+14.118000E+00,+205.791E-03
+14.120000E+00,+208.807E-03
+14.122000E+00,+204.284E-03
+14.124000E+00,+196.244E-03
+14.126000E+00,+197.751E-03
+14.128000E+00,+200.766E-03
+14.130000E+00,+200.766E-03
+14.132000E+00,+200.766E-03
+14.134000E+00,+196.244E-03
+14.136000E+00,+202.776E-03
+14.138000E+00,+204.284E-03
+14.140000E+00,+200.766E-03
+14.142000E+00,+200.766E-03
+14.144000E+00,+200.766E-03
+14.146000E+00,+200.766E-03
+14.148000E+00,+200.766E-03
+14.150000E+00,+196.244E-03
+14.152000E+00,+197.751E-03
+14.154000E+00,+200.766E-03
+14.156000E+00,+200.766E-03
+14.158000E+00,+196.244E-03
+14.160000E+00,+197.751E-03
+14.162000E+00,+196.244E-03
+14.164000E+00,+197.751E-03
+14.166000E+00,+200.766E-03
+14.168000E+00,+196.244E-03
+14.170000E+00,+197.751E-03
+14.172000E+00,+200.766E-03
+14.174000E+00,+200.766E-03
+14.176000E+00,+200.766E-03
+14.178000E+00,+200.766E-03
+14.180000E+00,+200.766E-03
+14.182000E+00,+200.766E-03
+14.184000E+00,+200.766E-03
+14.186000E+00,+196.244E-03
+14.188000E+00,+197.751E-03
+14.190000E+00,+205.791E-03
+14.192000E+00,+204.284E-03
+14.194000E+00,+205.791E-03
+14.196000E+00,+204.284E-03
+14.198000E+00,+205.791E-03
+14.200000E+00,+208.807E-03
+14.202000E+00,+204.284E-03
+14.204000E+00,+205.791E-03
+14.206000E+00,+204.284E-03
+14.208000E+00,+200.766E-03
+14.210000E+00,+200.766E-03
+14.212000E+00,+200.766E-03
+14.214000E+00,+200.766E-03
+14.216000E+00,+205.791E-03
+14.218000E+00,+204.284E-03
+14.220000E+00,+200.766E-03
+14.222000E+00,+196.244E-03
+14.224000E+00,+192.726E-03
+14.226000E+00,+192.726E-03
+14.228000E+00,+192.726E-03
+14.230000E+00,+197.751E-03
+14.232000E+00,+200.766E-03
+14.234000E+00,+200.766E-03
+14.236000E+00,+200.766E-03
+14.238000E+00,+200.766E-03
+14.240000E+00,+205.791E-03
+14.242000E+00,+204.284E-03
+14.244000E+00,+196.244E-03
+14.246000E+00,+192.726E-03
+14.248000E+00,+202.776E-03
+14.250000E+00,+208.807E-03
+14.252000E+00,+208.807E-03
+14.254000E+00,+199.259E-03
+14.256000E+00,+197.751E-03
+14.258000E+00,+200.766E-03
+14.260000E+00,+196.244E-03
+14.262000E+00,+197.751E-03
+14.264000E+00,+200.766E-03
+14.266000E+00,+205.791E-03
+14.268000E+00,+208.807E-03
+14.270000E+00,+204.284E-03
+14.272000E+00,+200.766E-03
+14.274000E+00,+196.244E-03
+14.276000E+00,+197.751E-03
+14.278000E+00,+200.766E-03
+14.280000E+00,+200.766E-03
+14.282000E+00,+200.766E-03
+14.284000E+00,+200.766E-03
+14.286000E+00,+200.766E-03
+14.288000E+00,+200.766E-03
+14.290000E+00,+200.766E-03
+14.292000E+00,+200.766E-03
+14.294000E+00,+205.791E-03
+14.296000E+00,+199.259E-03
+14.298000E+00,+197.751E-03
+14.300000E+00,+200.766E-03
+14.302000E+00,+200.766E-03
+14.304000E+00,+200.766E-03
+14.306000E+00,+196.244E-03
+14.308000E+00,+197.751E-03
+14.310000E+00,+158.053E-03
+14.312000E+00,+176.646E-03
+14.314000E+00,+204.284E-03
+14.316000E+00,+200.766E-03
+14.318000E+00,+200.766E-03
+14.320000E+00,+205.791E-03
+14.322000E+00,+199.259E-03
+14.324000E+00,+197.751E-03
+14.326000E+00,+200.766E-03
+14.328000E+00,+200.766E-03
+14.330000E+00,+205.791E-03
+14.332000E+00,+208.807E-03
+14.334000E+00,+204.284E-03
+14.336000E+00,+200.766E-03
+14.338000E+00,+205.791E-03
+14.340000E+00,+204.284E-03
+14.342000E+00,+205.791E-03
+14.344000E+00,+204.284E-03
+14.346000E+00,+200.766E-03
+14.348000E+00,+205.791E-03
+14.350000E+00,+204.284E-03
+14.352000E+00,+196.244E-03
+14.354000E+00,+192.726E-03
+14.356000E+00,+197.751E-03
+14.358000E+00,+200.766E-03
+14.360000E+00,+196.244E-03
+14.362000E+00,+202.776E-03
+14.364000E+00,+204.284E-03
+14.366000E+00,+200.766E-03
+14.368000E+00,+196.244E-03
+14.370000E+00,+192.726E-03
+14.372000E+00,+197.751E-03
+14.374000E+00,+205.791E-03
+14.376000E+00,+204.284E-03
+14.378000E+00,+200.766E-03
+14.380000E+00,+200.766E-03
+14.382000E+00,+200.766E-03
+14.384000E+00,+200.766E-03
+14.386000E+00,+200.766E-03
+14.388000E+00,+200.766E-03
+14.390000E+00,+196.244E-03
+14.392000E+00,+202.776E-03
+14.394000E+00,+204.284E-03
+14.396000E+00,+196.244E-03
+14.398000E+00,+202.776E-03
+14.400000E+00,+204.284E-03
+14.402000E+00,+200.766E-03
+14.404000E+00,+200.766E-03
+14.406000E+00,+196.244E-03
+14.408000E+00,+197.751E-03
+14.410000E+00,+205.791E-03
+14.412000E+00,+118.354E-03
+14.414000E+00,+142.475E-03
+14.416000E+00,+205.791E-03
+14.418000E+00,+199.259E-03
+14.420000E+00,+192.726E-03
+14.422000E+00,+197.751E-03
+14.424000E+00,+200.766E-03
+14.426000E+00,+200.766E-03
+14.428000E+00,+196.244E-03
+14.430000E+00,+197.751E-03
+14.432000E+00,+200.766E-03
+14.434000E+00,+191.219E-03
+14.436000E+00,+184.686E-03
+14.438000E+00,+189.711E-03
+14.440000E+00,+192.726E-03
+14.442000E+00,+188.204E-03
+14.444000E+00,+189.711E-03
+14.446000E+00,+188.204E-03
+14.448000E+00,+189.711E-03
+14.450000E+00,+188.204E-03
+14.452000E+00,+199.259E-03
+14.454000E+00,+194.736E-03
+14.456000E+00,+189.711E-03
+14.458000E+00,+192.726E-03
+14.460000E+00,+192.726E-03
+14.462000E+00,+192.726E-03
+14.464000E+00,+188.204E-03
+14.466000E+00,+194.736E-03
+14.468000E+00,+191.219E-03
+14.470000E+00,+189.711E-03
+14.472000E+00,+192.726E-03
+14.474000E+00,+197.751E-03
+14.476000E+00,+196.244E-03
+14.478000E+00,+188.204E-03
+14.480000E+00,+189.711E-03
+14.482000E+00,+192.726E-03
+14.484000E+00,+192.726E-03
+14.486000E+00,+197.751E-03
+14.488000E+00,+196.244E-03
+14.490000E+00,+192.726E-03
+14.492000E+00,+197.751E-03
+14.494000E+00,+196.244E-03
+14.496000E+00,+197.751E-03
+14.498000E+00,+196.244E-03
+14.500000E+00,+192.726E-03
+14.502000E+00,+192.726E-03
+14.504000E+00,+192.726E-03
+14.506000E+00,+188.204E-03
+14.508000E+00,+189.711E-03
+14.510000E+00,+188.204E-03
+14.512000E+00,+189.711E-03
+14.514000E+00,+207.299E-03
+14.516000E+00,+197.751E-03
+14.518000E+00,+194.736E-03
+14.520000E+00,+200.766E-03
+14.522000E+00,+196.244E-03
+14.524000E+00,+192.726E-03
+14.526000E+00,+197.751E-03
+14.528000E+00,+205.791E-03
+14.530000E+00,+208.807E-03
+14.532000E+00,+204.284E-03
+14.534000E+00,+205.791E-03
+14.536000E+00,+208.807E-03
+14.538000E+00,+204.284E-03
+14.540000E+00,+200.766E-03
+14.542000E+00,+200.766E-03
+14.544000E+00,+196.244E-03
+14.546000E+00,+192.726E-03
+14.548000E+00,+197.751E-03
+14.550000E+00,+196.244E-03
+14.552000E+00,+202.776E-03
+14.554000E+00,+204.284E-03
+14.556000E+00,+200.766E-03
+14.558000E+00,+200.766E-03
+14.560000E+00,+205.791E-03
+14.562000E+00,+204.284E-03
+14.564000E+00,+200.766E-03
+14.566000E+00,+205.791E-03
+14.568000E+00,+204.284E-03
+14.570000E+00,+200.766E-03
+14.572000E+00,+196.244E-03
+14.574000E+00,+197.751E-03
+14.576000E+00,+205.791E-03
+14.578000E+00,+204.284E-03
+14.580000E+00,+200.766E-03
+14.582000E+00,+205.791E-03
+14.584000E+00,+208.807E-03
+14.586000E+00,+199.259E-03
+14.588000E+00,+202.776E-03
+14.590000E+00,+204.284E-03
+14.592000E+00,+200.766E-03
+14.594000E+00,+200.766E-03
+14.596000E+00,+205.791E-03
+14.598000E+00,+204.284E-03
+14.600000E+00,+200.766E-03
+14.602000E+00,+200.766E-03
+14.604000E+00,+200.766E-03
+14.606000E+00,+196.244E-03
+14.608000E+00,+202.776E-03
+14.610000E+00,+204.284E-03
+14.612000E+00,+200.766E-03
+14.614000E+00,+200.766E-03
+14.616000E+00,+153.028E-03
+14.618000E+00,+168.606E-03
+14.620000E+00,+200.766E-03
+14.622000E+00,+200.766E-03
+14.624000E+00,+196.244E-03
+14.626000E+00,+197.751E-03
+14.628000E+00,+205.791E-03
+14.630000E+00,+204.284E-03
+14.632000E+00,+196.244E-03
+14.634000E+00,+192.726E-03
+14.636000E+00,+192.726E-03
+14.638000E+00,+202.776E-03
+14.640000E+00,+204.284E-03
+14.642000E+00,+200.766E-03
+14.644000E+00,+196.244E-03
+14.646000E+00,+197.751E-03
+14.648000E+00,+200.766E-03
+14.650000E+00,+200.766E-03
+14.652000E+00,+205.791E-03
+14.654000E+00,+204.284E-03
+14.656000E+00,+200.766E-03
+14.658000E+00,+205.791E-03
+14.660000E+00,+204.284E-03
+14.662000E+00,+200.766E-03
+14.664000E+00,+200.766E-03
+14.666000E+00,+200.766E-03
+14.668000E+00,+205.791E-03
+14.670000E+00,+204.284E-03
+14.672000E+00,+205.791E-03
+14.674000E+00,+199.259E-03
+14.676000E+00,+188.204E-03
+14.678000E+00,+194.736E-03
+14.680000E+00,+200.766E-03
+14.682000E+00,+196.244E-03
+14.684000E+00,+197.751E-03
+14.686000E+00,+200.766E-03
+14.688000E+00,+200.766E-03
+14.690000E+00,+200.766E-03
+14.692000E+00,+200.766E-03
+14.694000E+00,+200.766E-03
+14.696000E+00,+200.766E-03
+14.698000E+00,+200.766E-03
+14.700000E+00,+205.791E-03
+14.702000E+00,+204.284E-03
+14.704000E+00,+205.791E-03
+14.706000E+00,+204.284E-03
+14.708000E+00,+200.766E-03
+14.710000E+00,+205.791E-03
+14.712000E+00,+204.284E-03
+14.714000E+00,+200.766E-03
+14.716000E+00,+200.766E-03
+14.718000E+00,+205.791E-03
+14.720000E+00,+204.284E-03
+14.722000E+00,+200.766E-03
+14.724000E+00,+205.791E-03
+14.726000E+00,+204.284E-03
+14.728000E+00,+200.766E-03
+14.730000E+00,+196.244E-03
+14.732000E+00,+197.751E-03
+14.734000E+00,+200.766E-03
+14.736000E+00,+196.244E-03
+14.738000E+00,+192.726E-03
+14.740000E+00,+197.751E-03
+14.742000E+00,+205.791E-03
+14.744000E+00,+204.284E-03
+14.746000E+00,+200.766E-03
+14.748000E+00,+200.766E-03
+14.750000E+00,+200.766E-03
+14.752000E+00,+196.244E-03
+14.754000E+00,+202.776E-03
+14.756000E+00,+204.284E-03
+14.758000E+00,+200.766E-03
+14.760000E+00,+200.766E-03
+14.762000E+00,+196.244E-03
+14.764000E+00,+197.751E-03
+14.766000E+00,+200.766E-03
+14.768000E+00,+196.244E-03
+14.770000E+00,+197.751E-03
+14.772000E+00,+200.766E-03
+14.774000E+00,+205.791E-03
+14.776000E+00,+199.259E-03
+14.778000E+00,+197.751E-03
+14.780000E+00,+196.244E-03
+14.782000E+00,+192.726E-03
+14.784000E+00,+197.751E-03
+14.786000E+00,+200.766E-03
+14.788000E+00,+205.791E-03
+14.790000E+00,+204.284E-03
+14.792000E+00,+205.791E-03
+14.794000E+00,+204.284E-03
+14.796000E+00,+200.766E-03
+14.798000E+00,+200.766E-03
+14.800000E+00,+196.244E-03
+14.802000E+00,+197.751E-03
+14.804000E+00,+200.766E-03
+14.806000E+00,+196.244E-03
+14.808000E+00,+197.751E-03
+14.810000E+00,+200.766E-03
+14.812000E+00,+200.766E-03
+14.814000E+00,+200.766E-03
+14.816000E+00,+200.766E-03
+14.818000E+00,+110.314E-03
+14.820000E+00,+138.957E-03
+14.822000E+00,+200.766E-03
+14.824000E+00,+200.766E-03
+14.826000E+00,+205.791E-03
+14.828000E+00,+204.284E-03
+14.830000E+00,+205.791E-03
+14.832000E+00,+199.259E-03
+14.834000E+00,+197.751E-03
+14.836000E+00,+200.766E-03
+14.838000E+00,+205.791E-03
+14.840000E+00,+204.284E-03
+14.842000E+00,+200.766E-03
+14.844000E+00,+200.766E-03
+14.846000E+00,+196.244E-03
+14.848000E+00,+197.751E-03
+14.850000E+00,+200.766E-03
+14.852000E+00,+200.766E-03
+14.854000E+00,+205.791E-03
+14.856000E+00,+208.807E-03
+14.858000E+00,+208.807E-03
+14.860000E+00,+204.284E-03
+14.862000E+00,+196.244E-03
+14.864000E+00,+197.751E-03
+14.866000E+00,+196.244E-03
+14.868000E+00,+197.751E-03
+14.870000E+00,+191.219E-03
+14.872000E+00,+189.711E-03
+14.874000E+00,+192.726E-03
+14.876000E+00,+202.776E-03
+14.878000E+00,+204.284E-03
+14.880000E+00,+200.766E-03
+14.882000E+00,+200.766E-03
+14.884000E+00,+205.791E-03
+14.886000E+00,+199.259E-03
+14.888000E+00,+197.751E-03
+14.890000E+00,+191.219E-03
+14.892000E+00,+194.736E-03
+14.894000E+00,+196.244E-03
+14.896000E+00,+202.776E-03
+14.898000E+00,+204.284E-03
+14.900000E+00,+200.766E-03
+14.902000E+00,+205.791E-03
+14.904000E+00,+204.284E-03
+14.906000E+00,+196.244E-03
+14.908000E+00,+197.751E-03
+14.910000E+00,+196.244E-03
+14.912000E+00,+197.751E-03
+14.914000E+00,+196.244E-03
+14.916000E+00,+197.751E-03
+14.918000E+00,+200.766E-03
+14.920000E+00,+148.505E-03
+14.922000E+00,+165.088E-03
+14.924000E+00,+205.791E-03
+14.926000E+00,+208.807E-03
+14.928000E+00,+208.807E-03
+14.930000E+00,+204.284E-03
+14.932000E+00,+200.766E-03
+14.934000E+00,+200.766E-03
+14.936000E+00,+205.791E-03
+14.938000E+00,+204.284E-03
+14.940000E+00,+196.244E-03
+14.942000E+00,+192.726E-03
+14.944000E+00,+197.751E-03
+14.946000E+00,+200.766E-03
+14.948000E+00,+200.766E-03
+14.950000E+00,+200.766E-03
+14.952000E+00,+200.766E-03
+14.954000E+00,+200.766E-03
+14.956000E+00,+200.766E-03
+14.958000E+00,+200.766E-03
+14.960000E+00,+205.791E-03
+14.962000E+00,+204.284E-03
+14.964000E+00,+200.766E-03
+14.966000E+00,+200.766E-03
+14.968000E+00,+196.244E-03
+14.970000E+00,+197.751E-03
+14.972000E+00,+205.791E-03
+14.974000E+00,+208.807E-03
+14.976000E+00,+208.807E-03
+14.978000E+00,+204.284E-03
+14.980000E+00,+196.244E-03
+14.982000E+00,+197.751E-03
+14.984000E+00,+205.791E-03
+14.986000E+00,+204.284E-03
+14.988000E+00,+196.244E-03
+14.990000E+00,+192.726E-03
+14.992000E+00,+192.726E-03
+14.994000E+00,+197.751E-03
+14.996000E+00,+200.766E-03
+14.998000E+00,+200.766E-03
+15.000000E+00,+200.766E-03
+15.002000E+00,+196.244E-03
+15.004000E+00,+202.776E-03
+15.006000E+00,+204.284E-03
+15.008000E+00,+200.766E-03
+15.010000E+00,+200.766E-03
+15.012000E+00,+200.766E-03
+15.014000E+00,+200.766E-03
+15.016000E+00,+200.766E-03
+15.018000E+00,+196.244E-03
+15.020000E+00,+197.751E-03
+15.022000E+00,+158.053E-03
+15.024000E+00,+171.621E-03
+15.026000E+00,+200.766E-03
+15.028000E+00,+200.766E-03
+15.030000E+00,+200.766E-03
+15.032000E+00,+205.791E-03
+15.034000E+00,+208.807E-03
+15.036000E+00,+204.284E-03
+15.038000E+00,+200.766E-03
+15.040000E+00,+205.791E-03
+15.042000E+00,+204.284E-03
+15.044000E+00,+200.766E-03
+15.046000E+00,+200.766E-03
+15.048000E+00,+200.766E-03
+15.050000E+00,+196.244E-03
+15.052000E+00,+197.751E-03
+15.054000E+00,+200.766E-03
+15.056000E+00,+196.244E-03
+15.058000E+00,+202.776E-03
+15.060000E+00,+208.807E-03
+15.062000E+00,+204.284E-03
+15.064000E+00,+200.766E-03
+15.066000E+00,+200.766E-03
+15.068000E+00,+205.791E-03
+15.070000E+00,+199.259E-03
+15.072000E+00,+197.751E-03
+15.074000E+00,+200.766E-03
+15.076000E+00,+200.766E-03
+15.078000E+00,+205.791E-03
+15.080000E+00,+208.807E-03
+15.082000E+00,+204.284E-03
+15.084000E+00,+200.766E-03
+15.086000E+00,+200.766E-03
+15.088000E+00,+200.766E-03
+15.090000E+00,+196.244E-03
+15.092000E+00,+197.751E-03
+15.094000E+00,+196.244E-03
+15.096000E+00,+188.204E-03
+15.098000E+00,+194.736E-03
+15.100000E+00,+196.244E-03
+15.102000E+00,+197.751E-03
+15.104000E+00,+200.766E-03
+15.106000E+00,+205.791E-03
+15.108000E+00,+199.259E-03
+15.110000E+00,+192.726E-03
+15.112000E+00,+197.751E-03
+15.114000E+00,+200.766E-03
+15.116000E+00,+200.766E-03
+15.118000E+00,+205.791E-03
+15.120000E+00,+208.807E-03
+15.122000E+00,+204.284E-03
+15.124000E+00,+200.766E-03
+15.126000E+00,+200.766E-03
+15.128000E+00,+200.766E-03
+15.130000E+00,+200.766E-03
+15.132000E+00,+205.791E-03
+15.134000E+00,+204.284E-03
+15.136000E+00,+200.766E-03
+15.138000E+00,+196.244E-03
+15.140000E+00,+197.751E-03
+15.142000E+00,+196.244E-03
+15.144000E+00,+202.776E-03
+15.146000E+00,+204.284E-03
+15.148000E+00,+200.766E-03
+15.150000E+00,+200.766E-03
+15.152000E+00,+205.791E-03
+15.154000E+00,+204.284E-03
+15.156000E+00,+200.766E-03
+15.158000E+00,+200.766E-03
+15.160000E+00,+200.766E-03
+15.162000E+00,+200.766E-03
+15.164000E+00,+200.766E-03
+15.166000E+00,+200.766E-03
+15.168000E+00,+196.244E-03
+15.170000E+00,+202.776E-03
+15.172000E+00,+204.284E-03
+15.174000E+00,+200.766E-03
+15.176000E+00,+200.766E-03
+15.178000E+00,+196.244E-03
+15.180000E+00,+197.751E-03
+15.182000E+00,+200.766E-03
+15.184000E+00,+200.766E-03
+15.186000E+00,+196.244E-03
+15.188000E+00,+197.751E-03
+15.190000E+00,+200.766E-03
+15.192000E+00,+200.766E-03
+15.194000E+00,+196.244E-03
+15.196000E+00,+197.751E-03
+15.198000E+00,+200.766E-03
+15.200000E+00,+200.766E-03
+15.202000E+00,+196.244E-03
+15.204000E+00,+197.751E-03
+15.206000E+00,+200.766E-03
+15.208000E+00,+200.766E-03
+15.210000E+00,+205.791E-03
+15.212000E+00,+208.807E-03
+15.214000E+00,+204.284E-03
+15.216000E+00,+200.766E-03
+15.218000E+00,+196.244E-03
+15.220000E+00,+197.751E-03
+15.222000E+00,+200.766E-03
+15.224000E+00,+200.766E-03
+15.226000E+00,+100.766E-03
+15.228000E+00,+31.922E-03
+15.230000E+00,+27.400E-03
+15.232000E+00,+23.882E-03
+15.234000E+00,+28.907E-03
+15.236000E+00,+27.400E-03
+15.238000E+00,+23.882E-03
+15.240000E+00,+28.907E-03
+15.242000E+00,+27.400E-03
+15.244000E+00,+23.882E-03
+15.246000E+00,+19.359E-03
+15.248000E+00,+25.892E-03
+15.250000E+00,+27.400E-03
+15.252000E+00,+23.882E-03
+15.254000E+00,+28.907E-03
+15.256000E+00,+31.922E-03
+15.258000E+00,+31.922E-03
+15.260000E+00,+27.400E-03
+15.262000E+00,+28.907E-03
+15.264000E+00,+27.400E-03
+15.266000E+00,+28.907E-03
+15.268000E+00,+36.947E-03
+15.270000E+00,+30.415E-03
+15.272000E+00,+28.907E-03
+15.274000E+00,+27.400E-03
+15.276000E+00,+23.882E-03
+15.278000E+00,+28.907E-03
+15.280000E+00,+22.374E-03
+15.282000E+00,+20.867E-03
+15.284000E+00,+23.882E-03
+15.286000E+00,+23.882E-03
+15.288000E+00,+19.359E-03
+15.290000E+00,+20.867E-03
+15.292000E+00,+23.882E-03
+15.294000E+00,+23.882E-03
+15.296000E+00,+28.907E-03
+15.298000E+00,+31.922E-03
+15.300000E+00,+22.374E-03
+15.302000E+00,+20.867E-03
+15.304000E+00,+28.907E-03
+15.306000E+00,+27.400E-03
+15.308000E+00,+23.882E-03
+15.310000E+00,+23.882E-03
+15.312000E+00,+19.359E-03
+15.314000E+00,+25.892E-03
+15.316000E+00,+27.400E-03
+15.318000E+00,+23.882E-03
+15.320000E+00,+28.907E-03
+15.322000E+00,+27.400E-03
+15.324000E+00,+28.907E-03
+15.326000E+00,+61.068E-03
+15.328000E+00,+80.163E-03
+15.330000E+00,+80.163E-03
+15.332000E+00,+46.997E-03
+15.334000E+00,+23.882E-03
+15.336000E+00,+57.550E-03
+15.338000E+00,+75.641E-03
+15.340000E+00,+77.148E-03
+15.342000E+00,+51.520E-03
+15.344000E+00,+27.400E-03
+15.346000E+00,+57.550E-03
+15.348000E+00,+80.163E-03
+15.350000E+00,+85.188E-03
+15.352000E+00,+50.013E-03
+15.354000E+00,+23.882E-03
+15.356000E+00,+57.550E-03
+15.358000E+00,+80.163E-03
+15.360000E+00,+80.163E-03
+15.362000E+00,+41.972E-03
+15.364000E+00,+20.867E-03
+15.366000E+00,+19.359E-03
+15.368000E+00,+11.319E-03
+15.370000E+00,+7.802E-03
+15.372000E+00,+7.802E-03
+15.374000E+00,+12.827E-03
+15.376000E+00,+11.319E-03
+15.378000E+00,+12.827E-03
+15.380000E+00,+15.842E-03
+15.382000E+00,+6.294E-03
+15.384000E+00,+9.812E-03
+15.386000E+00,+11.319E-03
+15.388000E+00,+7.802E-03
+15.390000E+00,+12.827E-03
+15.392000E+00,+11.319E-03
+15.394000E+00,+12.827E-03
+15.396000E+00,+11.319E-03
+15.398000E+00,+7.802E-03
+15.400000E+00,+7.802E-03
+15.402000E+00,+12.827E-03
+15.404000E+00,+15.842E-03
+15.406000E+00,+15.842E-03
+15.408000E+00,+15.842E-03
+15.410000E+00,+15.842E-03
+15.412000E+00,+11.319E-03
+15.414000E+00,+12.827E-03
+15.416000E+00,+15.842E-03
+15.418000E+00,+11.319E-03
+15.420000E+00,+12.827E-03
+15.422000E+00,+11.319E-03
+15.424000E+00,+7.802E-03
+15.426000E+00,+12.827E-03
+15.428000E+00,+11.319E-03
+15.430000E+00,+12.827E-03
+15.432000E+00,+15.842E-03
+15.434000E+00,+15.842E-03
+15.436000E+00,+6.294E-03
+15.438000E+00,+4.786E-03
+15.440000E+00,+7.802E-03
+15.442000E+00,+12.827E-03
+15.444000E+00,+20.867E-03
+15.446000E+00,+14.334E-03
+15.448000E+00,+12.827E-03
+15.450000E+00,+11.319E-03
+15.452000E+00,+12.827E-03
+15.454000E+00,+11.319E-03
+15.456000E+00,+7.802E-03
+15.458000E+00,+7.802E-03
+15.460000E+00,+7.802E-03
+15.462000E+00,+7.802E-03
+15.464000E+00,+7.802E-03
+15.466000E+00,+41.470E-03
+15.468000E+00,+59.560E-03
+15.470000E+00,+32.425E-03
+15.472000E+00,+11.319E-03
+15.474000E+00,+12.827E-03
+15.476000E+00,+83.178E-03
+15.478000E+00,+95.239E-03
+15.480000E+00,+67.601E-03
+15.482000E+00,+30.917E-03
+15.484000E+00,+3.279E-03
+15.486000E+00,+42.977E-03
+15.488000E+00,+67.601E-03
+15.490000E+00,+50.013E-03
+15.492000E+00,+16.344E-03
+15.494000E+00,+9.812E-03
+15.496000E+00,+11.319E-03
+15.498000E+00,+46.495E-03
+15.500000E+00,+67.601E-03
+15.502000E+00,+35.440E-03
+15.504000E+00,+11.319E-03
+15.506000E+00,+7.802E-03
+15.508000E+00,+27.400E-03
+15.510000E+00,+92.726E-03
+15.512000E+00,+123.882E-03
+15.514000E+00,+120.364E-03
+15.516000E+00,+120.364E-03
+15.518000E+00,+125.389E-03
+15.520000E+00,+128.405E-03
+15.522000E+00,+123.882E-03
+15.524000E+00,+115.842E-03
+15.526000E+00,+122.374E-03
+15.528000E+00,+123.882E-03
+15.530000E+00,+120.364E-03
+15.532000E+00,+115.842E-03
+15.534000E+00,+122.374E-03
+15.536000E+00,+123.882E-03
+15.538000E+00,+120.364E-03
+15.540000E+00,+120.364E-03
+15.542000E+00,+120.364E-03
+15.544000E+00,+120.364E-03
+15.546000E+00,+120.364E-03
+15.548000E+00,+125.389E-03
+15.550000E+00,+123.882E-03
+15.552000E+00,+120.364E-03
+15.554000E+00,+115.842E-03
+15.556000E+00,+117.349E-03
+15.558000E+00,+120.364E-03
+15.560000E+00,+115.842E-03
+15.562000E+00,+117.349E-03
+15.564000E+00,+115.842E-03
+15.566000E+00,+117.349E-03
+15.568000E+00,+120.364E-03
+15.570000E+00,+120.364E-03
+15.572000E+00,+120.364E-03
+15.574000E+00,+120.364E-03
+15.576000E+00,+115.842E-03
+15.578000E+00,+117.349E-03
+15.580000E+00,+120.364E-03
+15.582000E+00,+120.364E-03
+15.584000E+00,+120.364E-03
+15.586000E+00,+115.842E-03
+15.588000E+00,+112.324E-03
+15.590000E+00,+122.374E-03
+15.592000E+00,+128.405E-03
+15.594000E+00,+128.405E-03
+15.596000E+00,+128.405E-03
+15.598000E+00,+123.882E-03
+15.600000E+00,+120.364E-03
+15.602000E+00,+125.389E-03
+15.604000E+00,+123.882E-03
+15.606000E+00,+120.364E-03
+15.608000E+00,+125.389E-03
+15.610000E+00,+128.405E-03
+15.612000E+00,+123.882E-03
+15.614000E+00,+120.364E-03
+15.616000E+00,+120.364E-03
+15.618000E+00,+120.364E-03
+15.620000E+00,+120.364E-03
+15.622000E+00,+125.389E-03
+15.624000E+00,+123.882E-03
+15.626000E+00,+125.389E-03
+15.628000E+00,+128.405E-03
+15.630000E+00,+128.405E-03
+15.632000E+00,+123.882E-03
+15.634000E+00,+120.364E-03
+15.636000E+00,+120.364E-03
+15.638000E+00,+115.842E-03
+15.640000E+00,+122.374E-03
+15.642000E+00,+118.857E-03
+15.644000E+00,+117.349E-03
+15.646000E+00,+120.364E-03
+15.648000E+00,+120.364E-03
+15.650000E+00,+120.364E-03
+15.652000E+00,+120.364E-03
+15.654000E+00,+120.364E-03
+15.656000E+00,+120.364E-03
+15.658000E+00,+115.842E-03
+15.660000E+00,+117.349E-03
+15.662000E+00,+115.842E-03
+15.664000E+00,+112.324E-03
+15.666000E+00,+117.349E-03
+15.668000E+00,+125.389E-03
+15.670000E+00,+123.882E-03
+15.672000E+00,+120.364E-03
+15.674000E+00,+120.364E-03
+15.676000E+00,+120.364E-03
+15.678000E+00,+115.842E-03
+15.680000E+00,+117.349E-03
+15.682000E+00,+125.389E-03
+15.684000E+00,+123.882E-03
+15.686000E+00,+125.389E-03
+15.688000E+00,+133.430E-03
+15.690000E+00,+131.922E-03
+15.692000E+00,+123.882E-03
+15.694000E+00,+125.389E-03
+15.696000E+00,+123.882E-03
+15.698000E+00,+120.364E-03
+15.700000E+00,+120.364E-03
+15.702000E+00,+120.364E-03
+15.704000E+00,+125.389E-03
+15.706000E+00,+123.882E-03
+15.708000E+00,+120.364E-03
+15.710000E+00,+120.364E-03
+15.712000E+00,+120.364E-03
+15.714000E+00,+120.364E-03
+15.716000E+00,+115.842E-03
+15.718000E+00,+117.349E-03
+15.720000E+00,+125.389E-03
+15.722000E+00,+123.882E-03
+15.724000E+00,+125.389E-03
+15.726000E+00,+123.882E-03
+15.728000E+00,+120.364E-03
+15.730000E+00,+115.842E-03
+15.732000E+00,+112.324E-03
+15.734000E+00,+117.349E-03
+15.736000E+00,+120.364E-03
+15.738000E+00,+120.364E-03
+15.740000E+00,+120.364E-03
+15.742000E+00,+115.842E-03
+15.744000E+00,+117.349E-03
+15.746000E+00,+120.364E-03
+15.748000E+00,+115.842E-03
+15.750000E+00,+117.349E-03
+15.752000E+00,+120.364E-03
+15.754000E+00,+115.842E-03
+15.756000E+00,+117.349E-03
+15.758000E+00,+125.389E-03
+15.760000E+00,+123.882E-03
+15.762000E+00,+120.364E-03
+15.764000E+00,+120.364E-03
+15.766000E+00,+120.364E-03
+15.768000E+00,+120.364E-03
+15.770000E+00,+120.364E-03
+15.772000E+00,+120.364E-03
+15.774000E+00,+125.389E-03
+15.776000E+00,+118.857E-03
+15.778000E+00,+117.349E-03
+15.780000E+00,+120.364E-03
+15.782000E+00,+120.364E-03
+15.784000E+00,+125.389E-03
+15.786000E+00,+123.882E-03
+15.788000E+00,+125.389E-03
+15.790000E+00,+128.405E-03
+15.792000E+00,+128.405E-03
+15.794000E+00,+128.405E-03
+15.796000E+00,+128.405E-03
+15.798000E+00,+123.882E-03
+15.800000E+00,+120.364E-03
+15.802000E+00,+130.415E-03
+15.804000E+00,+126.897E-03
+15.806000E+00,+115.842E-03
+15.808000E+00,+112.324E-03
+15.810000E+00,+117.349E-03
+15.812000E+00,+120.364E-03
+15.814000E+00,+120.364E-03
+15.816000E+00,+120.364E-03
+15.818000E+00,+115.842E-03
+15.820000E+00,+117.349E-03
+15.822000E+00,+120.364E-03
+15.824000E+00,+115.842E-03
+15.826000E+00,+117.349E-03
+15.828000E+00,+120.364E-03
+15.830000E+00,+115.842E-03
+15.832000E+00,+117.349E-03
+15.834000E+00,+120.364E-03
+15.836000E+00,+120.364E-03
+15.838000E+00,+125.389E-03
+15.840000E+00,+123.882E-03
+15.842000E+00,+120.364E-03
+15.844000E+00,+120.364E-03
+15.846000E+00,+120.364E-03
+15.848000E+00,+120.364E-03
+15.850000E+00,+120.364E-03
+15.852000E+00,+120.364E-03
+15.854000E+00,+125.389E-03
+15.856000E+00,+118.857E-03
+15.858000E+00,+122.374E-03
+15.860000E+00,+118.857E-03
+15.862000E+00,+117.349E-03
+15.864000E+00,+120.364E-03
+15.866000E+00,+120.364E-03
+15.868000E+00,+115.842E-03
+15.870000E+00,+117.349E-03
+15.872000E+00,+120.364E-03
+15.874000E+00,+125.389E-03
+15.876000E+00,+128.405E-03
+15.878000E+00,+128.405E-03
+15.880000E+00,+118.857E-03
+15.882000E+00,+122.374E-03
+15.884000E+00,+123.882E-03
+15.886000E+00,+120.364E-03
+15.888000E+00,+120.364E-03
+15.890000E+00,+120.364E-03
+15.892000E+00,+120.364E-03
+15.894000E+00,+120.364E-03
+15.896000E+00,+120.364E-03
+15.898000E+00,+120.364E-03
+15.900000E+00,+120.364E-03
+15.902000E+00,+115.842E-03
+15.904000E+00,+117.349E-03
+15.906000E+00,+120.364E-03
+15.908000E+00,+149.510E-03
+15.910000E+00,+173.631E-03
+15.912000E+00,+176.646E-03
+15.914000E+00,+176.646E-03
+15.916000E+00,+176.646E-03
+15.918000E+00,+176.646E-03
+15.920000E+00,+176.646E-03
+15.922000E+00,+172.123E-03
+15.924000E+00,+178.656E-03
+15.926000E+00,+175.138E-03
+15.928000E+00,+173.631E-03
+15.930000E+00,+176.646E-03
+15.932000E+00,+176.646E-03
+15.934000E+00,+181.671E-03
+15.936000E+00,+180.163E-03
+15.938000E+00,+176.646E-03
+15.940000E+00,+172.123E-03
+15.942000E+00,+178.656E-03
+15.944000E+00,+180.163E-03
+15.946000E+00,+176.646E-03
+15.948000E+00,+176.646E-03
+15.950000E+00,+176.646E-03
+15.952000E+00,+176.646E-03
+15.954000E+00,+176.646E-03
+15.956000E+00,+176.646E-03
+15.958000E+00,+181.671E-03
+15.960000E+00,+180.163E-03
+15.962000E+00,+176.646E-03
+15.964000E+00,+176.646E-03
+15.966000E+00,+172.123E-03
+15.968000E+00,+173.631E-03
+15.970000E+00,+176.646E-03
+15.972000E+00,+181.671E-03
+15.974000E+00,+180.163E-03
+15.976000E+00,+172.123E-03
+15.978000E+00,+173.631E-03
+15.980000E+00,+176.646E-03
+15.982000E+00,+176.646E-03
+15.984000E+00,+172.123E-03
+15.986000E+00,+168.606E-03
+15.988000E+00,+173.631E-03
+15.990000E+00,+181.671E-03
+15.992000E+00,+180.163E-03
+15.994000E+00,+172.123E-03
+15.996000E+00,+168.606E-03
+15.998000E+00,+173.631E-03
+16.000000E+00,+172.123E-03
+16.002000E+00,+173.631E-03
+16.004000E+00,+176.646E-03
+16.006000E+00,+176.646E-03
+16.008000E+00,+176.646E-03
+16.010000E+00,+176.646E-03
+16.012000E+00,+176.646E-03
+16.014000E+00,+181.671E-03
+16.016000E+00,+180.163E-03
+16.018000E+00,+128.907E-03
+16.020000E+00,+144.485E-03
+16.022000E+00,+176.646E-03
+16.024000E+00,+176.646E-03
+16.026000E+00,+176.646E-03
+16.028000E+00,+176.646E-03
+16.030000E+00,+196.244E-03
+16.032000E+00,+180.163E-03
+16.034000E+00,+156.043E-03
+16.036000E+00,+167.098E-03
+16.038000E+00,+172.123E-03
+16.040000E+00,+168.606E-03
+16.042000E+00,+168.606E-03
+16.044000E+00,+173.631E-03
+16.046000E+00,+176.646E-03
+16.048000E+00,+176.646E-03
+16.050000E+00,+172.123E-03
+16.052000E+00,+192.726E-03
+16.054000E+00,+213.832E-03
+16.056000E+00,+155.038E-03
+16.058000E+00,+117.349E-03
+16.060000E+00,+120.364E-03
+16.062000E+00,+125.389E-03
+16.064000E+00,+123.882E-03
+16.066000E+00,+120.364E-03
+16.068000E+00,+120.364E-03
+16.070000E+00,+125.389E-03
+16.072000E+00,+118.857E-03
+16.074000E+00,+122.374E-03
+16.076000E+00,+123.882E-03
+16.078000E+00,+125.389E-03
+16.080000E+00,+123.882E-03
+16.082000E+00,+120.364E-03
+16.084000E+00,+120.364E-03
+16.086000E+00,+120.364E-03
+16.088000E+00,+120.364E-03
+16.090000E+00,+125.389E-03
+16.092000E+00,+123.882E-03
+16.094000E+00,+120.364E-03
+16.096000E+00,+120.364E-03
+16.098000E+00,+120.364E-03
+16.100000E+00,+120.364E-03
+16.102000E+00,+115.842E-03
+16.104000E+00,+112.324E-03
+16.106000E+00,+107.802E-03
+16.108000E+00,+90.214E-03
+16.110000E+00,+99.761E-03
+16.112000E+00,+117.349E-03
+16.114000E+00,+120.364E-03
+16.116000E+00,+115.842E-03
+16.118000E+00,+112.324E-03
+16.120000E+00,+117.349E-03
+16.122000E+00,+120.364E-03
+16.124000E+00,+120.364E-03
+16.126000E+00,+120.364E-03
+16.128000E+00,+115.842E-03
+16.130000E+00,+112.324E-03
+16.132000E+00,+122.374E-03
+16.134000E+00,+123.882E-03
+16.136000E+00,+115.842E-03
+16.138000E+00,+117.349E-03
+16.140000E+00,+125.389E-03
+16.142000E+00,+123.882E-03
+16.144000E+00,+115.842E-03
+16.146000E+00,+112.324E-03
+16.148000E+00,+122.374E-03
+16.150000E+00,+128.405E-03
+16.152000E+00,+128.405E-03
+16.154000E+00,+157.550E-03
+16.156000E+00,+176.646E-03
+16.158000E+00,+172.123E-03
+16.160000E+00,+139.962E-03
+16.162000E+00,+125.389E-03
+16.164000E+00,+90.214E-03
+16.166000E+00,+59.560E-03
+16.168000E+00,+51.520E-03
+16.170000E+00,+268.103E-03
+16.172000E+00,+427.902E-03
+16.174000E+00,+424.384E-03
+16.176000E+00,+203.279E-03
+16.178000E+00,+94.736E-03
+16.180000E+00,+168.606E-03
+16.182000E+00,+200.766E-03
+16.184000E+00,+200.766E-03
+16.186000E+00,+200.766E-03
+16.188000E+00,+196.244E-03
+16.190000E+00,+197.751E-03
+16.192000E+00,+200.766E-03
+16.194000E+00,+196.244E-03
+16.196000E+00,+197.751E-03
+16.198000E+00,+200.766E-03
+16.200000E+00,+196.244E-03
+16.202000E+00,+197.751E-03
+16.204000E+00,+205.791E-03
+16.206000E+00,+204.284E-03
+16.208000E+00,+205.791E-03
+16.210000E+00,+204.284E-03
+16.212000E+00,+205.791E-03
+16.214000E+00,+204.284E-03
+16.216000E+00,+200.766E-03
+16.218000E+00,+200.766E-03
+16.220000E+00,+196.244E-03
+16.222000E+00,+197.751E-03
+16.224000E+00,+200.766E-03
+16.226000E+00,+200.766E-03
+16.228000E+00,+196.244E-03
+16.230000E+00,+197.751E-03
+16.232000E+00,+196.244E-03
+16.234000E+00,+197.751E-03
+16.236000E+00,+205.791E-03
+16.238000E+00,+204.284E-03
+16.240000E+00,+196.244E-03
+16.242000E+00,+197.751E-03
+16.244000E+00,+196.244E-03
+16.246000E+00,+197.751E-03
+16.248000E+00,+200.766E-03
+16.250000E+00,+200.766E-03
+16.252000E+00,+200.766E-03
+16.254000E+00,+114.837E-03
+16.256000E+00,+36.947E-03
+16.258000E+00,+28.907E-03
+16.260000E+00,+27.400E-03
+16.262000E+00,+19.359E-03
+16.264000E+00,+15.842E-03
+16.266000E+00,+15.842E-03
+16.268000E+00,+15.842E-03
+16.270000E+00,+20.867E-03
+16.272000E+00,+23.882E-03
+16.274000E+00,+28.907E-03
+16.276000E+00,+22.374E-03
+16.278000E+00,+20.867E-03
+16.280000E+00,+28.907E-03
+16.282000E+00,+27.400E-03
+16.284000E+00,+23.882E-03
+16.286000E+00,+23.882E-03
+16.288000E+00,+23.882E-03
+16.290000E+00,+28.907E-03
+16.292000E+00,+27.400E-03
+16.294000E+00,+14.334E-03
+16.296000E+00,+12.827E-03
+16.298000E+00,+20.867E-03
+16.300000E+00,+23.882E-03
+16.302000E+00,+28.907E-03
+16.304000E+00,+31.922E-03
+16.306000E+00,+27.400E-03
+16.308000E+00,+23.882E-03
+16.310000E+00,+28.907E-03
+16.312000E+00,+31.922E-03
+16.314000E+00,+31.922E-03
+16.316000E+00,+27.400E-03
+16.318000E+00,+19.359E-03
+16.320000E+00,+20.867E-03
+16.322000E+00,+19.359E-03
+16.324000E+00,+20.867E-03
+16.326000E+00,+19.359E-03
+16.328000E+00,+20.867E-03
+16.330000E+00,+23.882E-03
+16.332000E+00,+23.882E-03
+16.334000E+00,+23.882E-03
+16.336000E+00,+23.882E-03
+16.338000E+00,+23.882E-03
+16.340000E+00,+19.359E-03
+16.342000E+00,+25.892E-03
+16.344000E+00,+27.400E-03
+16.346000E+00,+19.359E-03
+16.348000E+00,+25.892E-03
+16.350000E+00,+27.400E-03
+16.352000E+00,+23.882E-03
+16.354000E+00,+19.359E-03
+16.356000E+00,+49.510E-03
+16.358000E+00,+77.148E-03
+16.360000E+00,+41.972E-03
+16.362000E+00,+20.867E-03
+16.364000E+00,+57.550E-03
+16.366000E+00,+80.163E-03
+16.368000E+00,+41.972E-03
+16.370000E+00,+15.842E-03
+16.372000E+00,+20.867E-03
+16.374000E+00,+23.882E-03
+16.376000E+00,+57.550E-03
+16.378000E+00,+80.163E-03
+16.380000E+00,+46.997E-03
+16.382000E+00,+28.907E-03
+16.384000E+00,+22.374E-03
+16.386000E+00,+49.510E-03
+16.388000E+00,+77.148E-03
+16.390000E+00,+46.997E-03
+16.392000E+00,+23.882E-03
+16.394000E+00,+23.882E-03
+16.396000E+00,+57.550E-03
+16.398000E+00,+80.163E-03
+16.400000E+00,+41.972E-03
+16.402000E+00,+20.867E-03
+16.404000E+00,+53.028E-03
+16.406000E+00,+72.123E-03
+16.408000E+00,+77.148E-03
+16.410000E+00,+41.972E-03
+16.412000E+00,+20.867E-03
+16.414000E+00,+23.882E-03
+16.416000E+00,+57.550E-03
+16.418000E+00,+85.188E-03
+16.420000E+00,+55.038E-03
+16.422000E+00,+27.400E-03
+16.424000E+00,+19.359E-03
+16.426000E+00,+59.058E-03
+16.428000E+00,+88.204E-03
+16.430000E+00,+83.681E-03
+16.432000E+00,+46.997E-03
+16.434000E+00,+62.575E-03
+16.436000E+00,+83.681E-03
+16.438000E+00,+80.163E-03
+16.440000E+00,+41.972E-03
+16.442000E+00,+20.867E-03
+16.444000E+00,+23.882E-03
+16.446000E+00,+62.575E-03
+16.448000E+00,+83.681E-03
+16.450000E+00,+41.972E-03
+16.452000E+00,+25.892E-03
+16.454000E+00,+75.138E-03
+16.456000E+00,+90.214E-03
+16.458000E+00,+80.163E-03
+16.460000E+00,+41.972E-03
+16.462000E+00,+15.842E-03
+16.464000E+00,+20.867E-03
+16.466000E+00,+57.550E-03
+16.468000E+00,+75.641E-03
+16.470000E+00,+43.480E-03
+16.472000E+00,+28.907E-03
+16.474000E+00,+27.400E-03
+16.476000E+00,+57.550E-03
+16.478000E+00,+80.163E-03
+16.480000E+00,+46.997E-03
+16.482000E+00,+23.882E-03
+16.484000E+00,+23.882E-03
+16.486000E+00,+57.550E-03
+16.488000E+00,+80.163E-03
+16.490000E+00,+41.972E-03
+16.492000E+00,+20.867E-03
+16.494000E+00,+23.882E-03
+16.496000E+00,+57.550E-03
+16.498000E+00,+80.163E-03
+16.500000E+00,+46.997E-03
+16.502000E+00,+23.882E-03
+16.504000E+00,+57.550E-03
+16.506000E+00,+85.188E-03
+16.508000E+00,+88.204E-03
+16.510000E+00,+50.013E-03
+16.512000E+00,+23.882E-03
+16.514000E+00,+23.882E-03
+16.516000E+00,+57.550E-03
+16.518000E+00,+80.163E-03
+16.520000E+00,+85.188E-03
+16.522000E+00,+55.038E-03
+16.524000E+00,+22.374E-03
+16.526000E+00,+54.535E-03
+16.528000E+00,+75.641E-03
+16.530000E+00,+43.480E-03
+16.532000E+00,+23.882E-03
+16.534000E+00,+23.882E-03
+16.536000E+00,+62.575E-03
+16.538000E+00,+78.656E-03
+16.540000E+00,+72.123E-03
+16.542000E+00,+53.028E-03
+16.544000E+00,+20.867E-03
+16.546000E+00,+7.802E-03
+16.548000E+00,+7.802E-03
+16.550000E+00,+12.827E-03
+16.552000E+00,+11.319E-03
+16.554000E+00,+12.827E-03
+16.556000E+00,+11.319E-03
+16.558000E+00,+7.802E-03
+16.560000E+00,+12.827E-03
+16.562000E+00,+11.319E-03
+16.564000E+00,+7.802E-03
+16.566000E+00,+7.802E-03
+16.568000E+00,+7.802E-03
+16.570000E+00,+7.802E-03
+16.572000E+00,+7.802E-03
+16.574000E+00,+7.802E-03
+16.576000E+00,+12.827E-03
+16.578000E+00,+15.842E-03
+16.580000E+00,+11.319E-03
+16.582000E+00,+7.802E-03
+16.584000E+00,+7.802E-03
+16.586000E+00,+7.802E-03
+16.588000E+00,+12.827E-03
+16.590000E+00,+15.842E-03
+16.592000E+00,+15.842E-03
+16.594000E+00,+11.319E-03
+16.596000E+00,+7.802E-03
+16.598000E+00,+7.802E-03
+16.600000E+00,+7.802E-03
+16.602000E+00,+7.802E-03
+16.604000E+00,+7.802E-03
+16.606000E+00,+12.827E-03
+16.608000E+00,+15.842E-03
+16.610000E+00,+11.319E-03
+16.612000E+00,+7.802E-03
+16.614000E+00,+7.802E-03
+16.616000E+00,+7.802E-03
+16.618000E+00,+7.802E-03
+16.620000E+00,+3.279E-03
+16.622000E+00,-239E-06
+16.624000E+00,+9.812E-03
+16.626000E+00,+15.842E-03
+16.628000E+00,+11.319E-03
+16.630000E+00,+7.802E-03
+16.632000E+00,+7.802E-03
+16.634000E+00,+7.802E-03
+16.636000E+00,+7.802E-03
+16.638000E+00,+12.827E-03
+16.640000E+00,+15.842E-03
+16.642000E+00,+15.842E-03
+16.644000E+00,+11.319E-03
+16.646000E+00,+12.827E-03
+16.648000E+00,+11.319E-03
+16.650000E+00,+7.802E-03
+16.652000E+00,+7.802E-03
+16.654000E+00,+7.802E-03
+16.656000E+00,+12.827E-03
+16.658000E+00,+15.842E-03
+16.660000E+00,+11.319E-03
+16.662000E+00,+7.802E-03
+16.664000E+00,+3.279E-03
+16.666000E+00,+4.786E-03
+16.668000E+00,+7.802E-03
+16.670000E+00,+7.802E-03
+16.672000E+00,+12.827E-03
+16.674000E+00,+11.319E-03
+16.676000E+00,+3.279E-03
+16.678000E+00,+9.812E-03
+16.680000E+00,+11.319E-03
+16.682000E+00,+7.802E-03
+16.684000E+00,+3.279E-03
+16.686000E+00,+9.812E-03
+16.688000E+00,+15.842E-03
+16.690000E+00,+11.319E-03
+16.692000E+00,+7.802E-03
+16.694000E+00,+12.827E-03
+16.696000E+00,+11.319E-03
+16.698000E+00,+7.802E-03
+16.700000E+00,+12.827E-03
+16.702000E+00,+11.319E-03
+16.704000E+00,+7.802E-03
+16.706000E+00,+3.279E-03
+16.708000E+00,+4.786E-03
+16.710000E+00,+7.802E-03
+16.712000E+00,+12.827E-03
+16.714000E+00,+11.319E-03
+16.716000E+00,+7.802E-03
+16.718000E+00,+7.802E-03
+16.720000E+00,+7.802E-03
+16.722000E+00,+7.802E-03
+16.724000E+00,+7.802E-03
+16.726000E+00,+12.827E-03
+16.728000E+00,+15.842E-03
+16.730000E+00,+6.294E-03
+16.732000E+00,+9.812E-03
+16.734000E+00,+11.319E-03
+16.736000E+00,+7.802E-03
+16.738000E+00,+12.827E-03
+16.740000E+00,+11.319E-03
+16.742000E+00,+7.802E-03
+16.744000E+00,+3.279E-03
+16.746000E+00,+4.786E-03
+16.748000E+00,+7.802E-03
+16.750000E+00,+12.827E-03
+16.752000E+00,+15.842E-03
+16.754000E+00,+15.842E-03
+16.756000E+00,+11.319E-03
+16.758000E+00,+12.827E-03
+16.760000E+00,+11.319E-03
+16.762000E+00,+12.827E-03
+16.764000E+00,+15.842E-03
+16.766000E+00,+15.842E-03
+16.768000E+00,+15.842E-03
+16.770000E+00,+11.319E-03
+16.772000E+00,+7.802E-03
+16.774000E+00,+12.827E-03
+16.776000E+00,+15.842E-03
+16.778000E+00,+11.319E-03
+16.780000E+00,+7.802E-03
+16.782000E+00,+12.827E-03
+16.784000E+00,+11.319E-03
+16.786000E+00,+17.852E-03
+16.788000E+00,+14.334E-03
+16.790000E+00,+12.827E-03
+16.792000E+00,+11.319E-03
+16.794000E+00,+7.802E-03
+16.796000E+00,+12.827E-03
+16.798000E+00,+11.319E-03
+16.800000E+00,+3.279E-03
+16.802000E+00,+9.812E-03
+16.804000E+00,+11.319E-03
+16.806000E+00,+7.802E-03
+16.808000E+00,+7.802E-03
+16.810000E+00,+7.802E-03
+16.812000E+00,+7.802E-03
+16.814000E+00,+12.827E-03
+16.816000E+00,+15.842E-03
+16.818000E+00,+15.842E-03
+16.820000E+00,+15.842E-03
+16.822000E+00,+11.319E-03
+16.824000E+00,+12.827E-03
+16.826000E+00,+11.319E-03
+16.828000E+00,+12.827E-03
+16.830000E+00,+11.319E-03
+16.832000E+00,+3.279E-03
+16.834000E+00,+4.786E-03
+16.836000E+00,+7.802E-03
+16.838000E+00,+12.827E-03
+16.840000E+00,+6.294E-03
+16.842000E+00,+4.786E-03
+16.844000E+00,+17.852E-03
+16.846000E+00,+14.334E-03
+16.848000E+00,+12.827E-03
+16.850000E+00,+11.319E-03
+16.852000E+00,+7.802E-03
+16.854000E+00,+7.802E-03
+16.856000E+00,+7.802E-03
+16.858000E+00,+12.827E-03
+16.860000E+00,+11.319E-03
+16.862000E+00,+3.279E-03
+16.864000E+00,+4.786E-03
+16.866000E+00,+3.279E-03
+16.868000E+00,+4.786E-03
+16.870000E+00,+31.922E-03
+16.872000E+00,+24.384E-03
+16.874000E+00,+12.827E-03
+16.876000E+00,+20.867E-03
+16.878000E+00,+14.334E-03
+16.880000E+00,+7.802E-03
+16.882000E+00,+7.802E-03
+16.884000E+00,+7.802E-03
+16.886000E+00,+12.827E-03
+16.888000E+00,+11.319E-03
+16.890000E+00,+7.802E-03
+16.892000E+00,+12.827E-03
+16.894000E+00,+11.319E-03
+16.896000E+00,+3.279E-03
+16.898000E+00,-239E-06
+16.900000E+00,+9.812E-03
+16.902000E+00,+15.842E-03
+16.904000E+00,+15.842E-03
+16.906000E+00,+15.842E-03
+16.908000E+00,+11.319E-03
+16.910000E+00,+17.852E-03
+16.912000E+00,+19.359E-03
+16.914000E+00,+11.319E-03
+16.916000E+00,+3.279E-03
+16.918000E+00,-239E-06
+16.920000E+00,+4.786E-03
+16.922000E+00,+12.827E-03
+16.924000E+00,+11.319E-03
+16.926000E+00,+7.802E-03
+16.928000E+00,+12.827E-03
+16.930000E+00,+11.319E-03
+16.932000E+00,+3.279E-03
+16.934000E+00,+4.786E-03
+16.936000E+00,+7.802E-03
+16.938000E+00,+3.279E-03
+16.940000E+00,+9.812E-03
+16.942000E+00,+15.842E-03
+16.944000E+00,+15.842E-03
+16.946000E+00,+15.842E-03
+16.948000E+00,+11.319E-03
+16.950000E+00,+7.802E-03
+16.952000E+00,+12.827E-03
+16.954000E+00,+15.842E-03
+16.956000E+00,+11.319E-03
+16.958000E+00,+12.827E-03
+16.960000E+00,+11.319E-03
+16.962000E+00,+3.279E-03
+16.964000E+00,+4.786E-03
+16.966000E+00,+7.802E-03
+16.968000E+00,+12.827E-03
+16.970000E+00,+11.319E-03
+16.972000E+00,+7.802E-03
+16.974000E+00,+12.827E-03
+16.976000E+00,+6.294E-03
+16.978000E+00,+4.786E-03
+16.980000E+00,+12.827E-03
+16.982000E+00,+11.319E-03
+16.984000E+00,+7.802E-03
+16.986000E+00,+7.802E-03
+16.988000E+00,+7.802E-03
+16.990000E+00,+12.827E-03
+16.992000E+00,+15.842E-03
+16.994000E+00,+6.294E-03
+16.996000E+00,+9.812E-03
+16.998000E+00,+11.319E-03
+17.000000E+00,+7.802E-03
+17.002000E+00,+7.802E-03
+17.004000E+00,+12.827E-03
+17.006000E+00,+20.867E-03
+17.008000E+00,+14.334E-03
+17.010000E+00,+7.802E-03
+17.012000E+00,+7.802E-03
+17.014000E+00,+3.279E-03
+17.016000E+00,+4.786E-03
+17.018000E+00,+7.802E-03
+17.020000E+00,+7.802E-03
+17.022000E+00,+7.802E-03
+17.024000E+00,+7.802E-03
+17.026000E+00,+12.827E-03
+17.028000E+00,+11.319E-03
+17.030000E+00,+12.827E-03
+17.032000E+00,+11.319E-03
+17.034000E+00,+12.827E-03
+17.036000E+00,+11.319E-03
+17.038000E+00,+3.279E-03
+17.040000E+00,+4.786E-03
+17.042000E+00,+7.802E-03
+17.044000E+00,+7.802E-03
+17.046000E+00,+7.802E-03
+17.048000E+00,+12.827E-03
+17.050000E+00,+15.842E-03
+17.052000E+00,+15.842E-03
+17.054000E+00,+11.319E-03
+17.056000E+00,+7.802E-03
+17.058000E+00,+7.802E-03
+17.060000E+00,+7.802E-03
+17.062000E+00,+7.802E-03
+17.064000E+00,+7.802E-03
+17.066000E+00,+3.279E-03
+17.068000E+00,+14.334E-03
+17.070000E+00,+19.359E-03
+17.072000E+00,+15.842E-03
+17.074000E+00,+11.319E-03
+17.076000E+00,+12.827E-03
+17.078000E+00,+15.842E-03
+17.080000E+00,+15.842E-03
+17.082000E+00,+11.319E-03
+17.084000E+00,+12.827E-03
+17.086000E+00,+11.319E-03
+17.088000E+00,+7.802E-03
+17.090000E+00,+3.279E-03
+17.092000E+00,+4.786E-03
+17.094000E+00,+7.802E-03
+17.096000E+00,+7.802E-03
+17.098000E+00,+12.827E-03
+17.100000E+00,+6.294E-03
+17.102000E+00,+4.786E-03
+17.104000E+00,+7.802E-03
+17.106000E+00,+3.279E-03
+17.108000E+00,+9.812E-03
+17.110000E+00,+15.842E-03
+17.112000E+00,+11.319E-03
+17.114000E+00,+12.827E-03
+17.116000E+00,+15.842E-03
+17.118000E+00,+15.842E-03
+17.120000E+00,+11.319E-03
+17.122000E+00,+12.827E-03
+17.124000E+00,+11.319E-03
+17.126000E+00,+12.827E-03
+17.128000E+00,+11.319E-03
